County,FIPS,Population
Autauga County AL,01001,55869
Baldwin County AL,01003,223234
Barbour County AL,01005,24686
Bibb County AL,01007,22394
Blount County AL,01009,57826
Bullock County AL,01011,10101
Butler County AL,01013,19448
Calhoun County AL,01015,113605
Chambers County AL,01017,33254
Cherokee County AL,01019,26196
Chilton County AL,01021,44428
Choctaw County AL,01023,12589
Clarke County AL,01025,23622
Clay County AL,01027,13235
Cleburne County AL,01029,14910
Coffee County AL,01031,52342
Colbert County AL,01033,55241
Conecuh County AL,01035,12067
Coosa County AL,01037,10663
Covington County AL,01039,37049
Crenshaw County AL,01041,13772
Cullman County AL,01043,83768
Dale County AL,01045,49172
Dallas County AL,01047,37196
DeKalb County AL,01049,71513
Elmore County AL,01051,81209
Escambia County AL,01053,36633
Etowah County AL,01055,102268
Fayette County AL,01057,16302
Franklin County AL,01059,31362
Geneva County AL,01061,26271
Greene County AL,01063,8111
Hale County AL,01065,14651
Henry County AL,01067,17205
Houston County AL,01069,105882
Jackson County AL,01071,51626
Jefferson County AL,01073,658573
Lamar County AL,01075,13805
Lauderdale County AL,01077,92729
Lawrence County AL,01079,32924
Lee County AL,01081,164542
Limestone County AL,01083,98915
Lowndes County AL,01085,9726
Macon County AL,01087,18068
Madison County AL,01089,372909
Marengo County AL,01091,18863
Marion County AL,01093,29709
Marshall County AL,01095,96774
Mobile County AL,01097,413210
Monroe County AL,01099,20733
Montgomery County AL,01101,226486
Morgan County AL,01103,119679
Perry County AL,01105,8923
Pickens County AL,01107,19930
Pike County AL,01109,33114
Randolph County AL,01111,22722
Russell County AL,01113,57961
St. Clair County AL,01115,89512
Shelby County AL,01117,217702
Sumter County AL,01119,12427
Talladega County AL,01121,79978
Tallapoosa County AL,01123,40367
Tuscaloosa County AL,01125,209355
Walker County AL,01127,63521
Washington County AL,01129,16326
Wilcox County AL,01131,10373
Winston County AL,01133,23629
Aleutians East Borough AK,02013,3337
Aleutians West Census Area AK,02016,5634
Anchorage Municipality AK,02020,288000
Bethel Census Area AK,02050,18386
Bristol Bay Borough AK,02060,836
Denali Borough AK,02068,2097
Dillingham Census Area AK,02070,4916
Fairbanks North Star Borough AK,02090,96849
Haines Borough AK,02100,2530
Hoonah-Angoon Census Area AK,02105,2148
Juneau City and Borough AK,02110,31974
Kenai Peninsula Borough AK,02122,58708
Ketchikan Gateway Borough AK,02130,13901
Kodiak Island Borough AK,02150,12998
Kusilvak Census Area AK,02158,8314
Lake and Peninsula Borough AK,02164,1592
Matanuska-Susitna Borough AK,02170,108317
Nome Census Area AK,02180,10004
North Slope Borough AK,02185,9832
Northwest Arctic Borough AK,02188,7621
Petersburg Borough AK,02195,3266
Prince of Wales-Hyder Census Area AK,02198,6203
Sitka City and Borough AK,02220,8493
Skagway Municipality AK,02230,1183
Southeast Fairbanks Census Area AK,02240,6893
Valdez-Cordova Census Area AK,02261,9202
Wrangell City and Borough AK,02275,2502
Yakutat City and Borough AK,02282,579
Yukon-Koyukuk Census Area AK,02290,5230
Apache County AZ,04001,71887
Cochise County AZ,04003,125922
Coconino County AZ,04005,143476
Gila County AZ,04007,54018
Graham County AZ,04009,38837
Greenlee County AZ,04011,9498
La Paz County AZ,04012,21108
Maricopa County AZ,04013,4485414
Mohave County AZ,04015,212181
Navajo County AZ,04017,110924
Pima County AZ,04019,1047279
Pinal County AZ,04021,462789
Santa Cruz County AZ,04023,46498
Yavapai County AZ,04025,235099
Yuma County AZ,04027,213787
Arkansas County AR,05001,17486
Ashley County AR,05003,19657
Baxter County AR,05005,41932
Benton County AR,05007,279141
Boone County AR,05009,37432
Bradley County AR,05011,10763
Calhoun County AR,05013,5189
Carroll County AR,05015,28380
Chicot County AR,05017,10118
Clark County AR,05019,22320
Clay County AR,05021,14551
Cleburne County AR,05023,24919
Cleveland County AR,05025,7956
Columbia County AR,05027,23457
Conway County AR,05029,20846
Craighead County AR,05031,110332
Crawford County AR,05033,63257
Crittenden County AR,05035,47955
Cross County AR,05037,16419
Dallas County AR,05039,7009
Desha County AR,05041,11361
Drew County AR,05043,18219
Faulkner County AR,05045,126007
Franklin County AR,05047,17715
Fulton County AR,05049,12477
Garland County AR,05051,99386
Grant County AR,05053,18265
Greene County AR,05055,45325
Hempstead County AR,05057,21532
Hot Spring County AR,05059,33771
Howard County AR,05061,13202
Independence County AR,05063,37825
Izard County AR,05065,13629
Jackson County AR,05067,16719
Jefferson County AR,05069,66824
Johnson County AR,05071,26578
Lafayette County AR,05073,6624
Lawrence County AR,05075,16406
Lee County AR,05077,8857
Lincoln County AR,05079,13024
Little River County AR,05081,12259
Logan County AR,05083,21466
Lonoke County AR,05085,73309
Madison County AR,05087,16576
Marion County AR,05089,16694
Miller County AR,05091,43257
Mississippi County AR,05093,40651
Monroe County AR,05095,6701
Montgomery County AR,05097,8986
Nevada County AR,05099,8252
Newton County AR,05101,7753
Ouachita County AR,05103,23382
Perry County AR,05105,10455
Phillips County AR,05107,17782
Pike County AR,05109,10718
Poinsett County AR,05111,23528
Polk County AR,05113,19964
Pope County AR,05115,64072
Prairie County AR,05117,8062
Pulaski County AR,05119,391911
Randolph County AR,05121,17958
St. Francis County AR,05123,24994
Saline County AR,05125,122437
Scott County AR,05127,10281
Searcy County AR,05129,7881
Sebastian County AR,05131,127827
Sevier County AR,05133,17007
Sharp County AR,05135,17442
Stone County AR,05137,12506
Union County AR,05139,38682
Van Buren County AR,05141,16545
Washington County AR,05143,239187
White County AR,05145,78753
Woodruff County AR,05147,6320
Yell County AR,05149,21341
Alameda County CA,06001,1671329
Alpine County CA,06003,1129
Amador County CA,06005,39752
Butte County CA,06007,219186
Calaveras County CA,06009,45905
Colusa County CA,06011,21547
Contra Costa County CA,06013,1153526
Del Norte County CA,06015,27812
El Dorado County CA,06017,192843
Fresno County CA,06019,999101
Glenn County CA,06021,28393
Humboldt County CA,06023,135558
Imperial County CA,06025,181215
Inyo County CA,06027,18039
Kern County CA,06029,900202
Kings County CA,06031,152940
Lake County CA,06033,64386
Lassen County CA,06035,30573
Los Angeles County CA,06037,10039107
Madera County CA,06039,157327
Marin County CA,06041,258826
Mariposa County CA,06043,17203
Mendocino County CA,06045,86749
Merced County CA,06047,277680
Modoc County CA,06049,8841
Mono County CA,06051,14444
Monterey County CA,06053,434061
Napa County CA,06055,137744
Nevada County CA,06057,99755
Orange County CA,06059,3175692
Placer County CA,06061,398329
Plumas County CA,06063,18807
Riverside County CA,06065,2470546
Sacramento County CA,06067,1552058
San Benito County CA,06069,62808
San Bernardino County CA,06071,2180085
San Diego County CA,06073,3338330
San Francisco County CA,06075,881549
San Joaquin County CA,06077,762148
San Luis Obispo County CA,06079,283111
San Mateo County CA,06081,766573
Santa Barbara County CA,06083,446499
Santa Clara County CA,06085,1927852
Santa Cruz County CA,06087,273213
Shasta County CA,06089,180080
Sierra County CA,06091,3005
Siskiyou County CA,06093,43539
Solano County CA,06095,447643
Sonoma County CA,06097,494336
Stanislaus County CA,06099,550660
Sutter County CA,06101,96971
Tehama County CA,06103,65084
Trinity County CA,06105,12285
Tulare County CA,06107,466195
Tuolumne County CA,06109,54478
Ventura County CA,06111,846006
Yolo County CA,06113,220500
Yuba County CA,06115,78668
Adams County CO,08001,517421
Alamosa County CO,08003,16233
Arapahoe County CO,08005,656590
Archuleta County CO,08007,14029
Baca County CO,08009,3581
Bent County CO,08011,5577
Boulder County CO,08013,326196
Broomfield County CO,08014,70465
Chaffee County CO,08015,20356
Cheyenne County CO,08017,1831
Clear Creek County CO,08019,9700
Conejos County CO,08021,8205
Costilla County CO,08023,3887
Crowley County CO,08025,6061
Custer County CO,08027,5068
Delta County CO,08029,31162
Denver County CO,08031,727211
Dolores County CO,08033,2055
Douglas County CO,08035,351154
Eagle County CO,08037,55127
Elbert County CO,08039,26729
El Paso County CO,08041,720403
Fremont County CO,08043,47839
Garfield County CO,08045,60061
Gilpin County CO,08047,6243
Grand County CO,08049,15734
Gunnison County CO,08051,17462
Hinsdale County CO,08053,820
Huerfano County CO,08055,6897
Jackson County CO,08057,1392
Jefferson County CO,08059,582881
Kiowa County CO,08061,1406
Kit Carson County CO,08063,7097
Lake County CO,08065,8127
La Plata County CO,08067,56221
Larimer County CO,08069,356899
Las Animas County CO,08071,14506
Lincoln County CO,08073,5701
Logan County CO,08075,22409
Mesa County CO,08077,154210
Mineral County CO,08079,769
Moffat County CO,08081,13283
Montezuma County CO,08083,26183
Montrose County CO,08085,42758
Morgan County CO,08087,29068
Otero County CO,08089,18278
Ouray County CO,08091,4952
Park County CO,08093,18845
Phillips County CO,08095,4265
Pitkin County CO,08097,17767
Prowers County CO,08099,12172
Pueblo County CO,08101,168424
Rio Blanco County CO,08103,6324
Rio Grande County CO,08105,11267
Routt County CO,08107,25638
Saguache County CO,08109,6824
San Juan County CO,08111,728
San Miguel County CO,08113,8179
Sedgwick County CO,08115,2248
Summit County CO,08117,31011
Teller County CO,08119,25388
Washington County CO,08121,4908
Weld County CO,08123,324492
Yuma County CO,08125,10019
Fairfield County CT,09001,943332
Hartford County CT,09003,891720
Litchfield County CT,09005,180333
Middlesex County CT,09007,162436
New Haven County CT,09009,854757
New London County CT,09011,265206
Tolland County CT,09013,150721
Windham County CT,09015,116782
Kent County DE,10001,180786
New Castle County DE,10003,558753
Sussex County DE,10005,234225
District of Columbia DC,11001,705749
Alachua County FL,12001,269043
Baker County FL,12003,29210
Bay County FL,12005,174705
Bradford County FL,12007,28201
Brevard County FL,12009,601942
Broward County FL,12011,1952778
Calhoun County FL,12013,14105
Charlotte County FL,12015,188910
Citrus County FL,12017,149657
Clay County FL,12019,219252
Collier County FL,12021,384902
Columbia County FL,12023,71686
DeSoto County FL,12027,38001
Dixie County FL,12029,16826
Duval County FL,12031,957755
Escambia County FL,12033,318316
Flagler County FL,12035,115081
Franklin County FL,12037,12125
Gadsden County FL,12039,45660
Gilchrist County FL,12041,18582
Glades County FL,12043,13811
Gulf County FL,12045,13639
Hamilton County FL,12047,14428
Hardee County FL,12049,26937
Hendry County FL,12051,42022
Hernando County FL,12053,193920
Highlands County FL,12055,106221
Hillsborough County FL,12057,1471968
Holmes County FL,12059,19617
Indian River County FL,12061,159923
Jackson County FL,12063,46414
Jefferson County FL,12065,14246
Lafayette County FL,12067,8422
Lake County FL,12069,367118
Lee County FL,12071,770577
Leon County FL,12073,293582
Levy County FL,12075,41503
Liberty County FL,12077,8354
Madison County FL,12079,18493
Manatee County FL,12081,403253
Marion County FL,12083,365579
Martin County FL,12085,161000
Miami-Dade County FL,12086,2716940
Monroe County FL,12087,74228
Nassau County FL,12089,88625
Okaloosa County FL,12091,210738
Okeechobee County FL,12093,42168
Orange County FL,12095,1393452
Osceola County FL,12097,375751
Palm Beach County FL,12099,1496770
Pasco County FL,12101,553947
Pinellas County FL,12103,974996
Polk County FL,12105,724777
Putnam County FL,12107,74521
St. Johns County FL,12109,264672
St. Lucie County FL,12111,328297
Santa Rosa County FL,12113,184313
Sarasota County FL,12115,433742
Seminole County FL,12117,471826
Sumter County FL,12119,132420
Suwannee County FL,12121,44417
Taylor County FL,12123,21569
Union County FL,12125,15237
Volusia County FL,12127,553284
Wakulla County FL,12129,33739
Walton County FL,12131,74071
Washington County FL,12133,25473
Appling County GA,13001,18386
Atkinson County GA,13003,8165
Bacon County GA,13005,11164
Baker County GA,13007,3038
Baldwin County GA,13009,44890
Banks County GA,13011,19234
Barrow County GA,13013,83240
Bartow County GA,13015,107738
Ben Hill County GA,13017,16700
Berrien County GA,13019,19397
Bibb County GA,13021,153159
Bleckley County GA,13023,12873
Brantley County GA,13025,19109
Brooks County GA,13027,15457
Bryan County GA,13029,39627
Bulloch County GA,13031,79608
Burke County GA,13033,22383
Butts County GA,13035,24936
Calhoun County GA,13037,6189
Camden County GA,13039,54666
Candler County GA,13043,10803
Carroll County GA,13045,119992
Catoosa County GA,13047,67580
Charlton County GA,13049,13392
Chatham County GA,13051,289430
Chattahoochee County GA,13053,10907
Chattooga County GA,13055,24789
Cherokee County GA,13057,258773
Clarke County GA,13059,128331
Clay County GA,13061,2834
Clayton County GA,13063,292256
Clinch County GA,13065,6618
Cobb County GA,13067,760141
Coffee County GA,13069,43273
Colquitt County GA,13071,45600
Columbia County GA,13073,156714
Cook County GA,13075,17270
Coweta County GA,13077,148509
Crawford County GA,13079,12404
Crisp County GA,13081,22372
Dade County GA,13083,16116
Dawson County GA,13085,26108
Decatur County GA,13087,26404
DeKalb County GA,13089,759297
Dodge County GA,13091,20605
Dooly County GA,13093,13390
Dougherty County GA,13095,87956
Douglas County GA,13097,146343
Early County GA,13099,10190
Echols County GA,13101,4006
Effingham County GA,13103,64296
Elbert County GA,13105,19194
Emanuel County GA,13107,22646
Evans County GA,13109,10654
Fannin County GA,13111,26188
Fayette County GA,13113,114421
Floyd County GA,13115,98498
Forsyth County GA,13117,244252
Franklin County GA,13119,23349
Fulton County GA,13121,1063937
Gilmer County GA,13123,31369
Glascock County GA,13125,2971
Glynn County GA,13127,85292
Gordon County GA,13129,57963
Grady County GA,13131,24633
Greene County GA,13133,18324
Gwinnett County GA,13135,936250
Habersham County GA,13137,45328
Hall County GA,13139,204441
Hancock County GA,13141,8457
Haralson County GA,13143,29792
Harris County GA,13145,35236
Hart County GA,13147,26205
Heard County GA,13149,11923
Henry County GA,13151,234561
Houston County GA,13153,157863
Irwin County GA,13155,9416
Jackson County GA,13157,72977
Jasper County GA,13159,14219
Jeff Davis County GA,13161,15115
Jefferson County GA,13163,15362
Jenkins County GA,13165,8676
Johnson County GA,13167,9643
Jones County GA,13169,28735
Lamar County GA,13171,19077
Lanier County GA,13173,10423
Laurens County GA,13175,47546
Lee County GA,13177,29992
Liberty County GA,13179,61435
Lincoln County GA,13181,7921
Long County GA,13183,19559
Lowndes County GA,13185,117406
Lumpkin County GA,13187,33610
McDuffie County GA,13189,21312
McIntosh County GA,13191,14378
Macon County GA,13193,12947
Madison County GA,13195,29880
Marion County GA,13197,8359
Meriwether County GA,13199,21167
Miller County GA,13201,5718
Mitchell County GA,13205,21863
Monroe County GA,13207,27578
Montgomery County GA,13209,9172
Morgan County GA,13211,19276
Murray County GA,13213,40096
Muscogee County GA,13215,195769
Newton County GA,13217,111744
Oconee County GA,13219,40280
Oglethorpe County GA,13221,15259
Paulding County GA,13223,168667
Peach County GA,13225,27546
Pickens County GA,13227,32591
Pierce County GA,13229,19465
Pike County GA,13231,18962
Polk County GA,13233,42613
Pulaski County GA,13235,11137
Putnam County GA,13237,22119
Quitman County GA,13239,2299
Rabun County GA,13241,17137
Randolph County GA,13243,6778
Richmond County GA,13245,202518
Rockdale County GA,13247,90896
Schley County GA,13249,5257
Screven County GA,13251,13966
Seminole County GA,13253,8090
Spalding County GA,13255,66703
Stephens County GA,13257,25925
Stewart County GA,13259,6621
Sumter County GA,13261,29524
Talbot County GA,13263,6195
Taliaferro County GA,13265,1537
Tattnall County GA,13267,25286
Taylor County GA,13269,8020
Telfair County GA,13271,15860
Terrell County GA,13273,8531
Thomas County GA,13275,44451
Tift County GA,13277,40644
Toombs County GA,13279,26830
Towns County GA,13281,12037
Treutlen County GA,13283,6901
Troup County GA,13285,69922
Turner County GA,13287,7985
Twiggs County GA,13289,8120
Union County GA,13291,24511
Upson County GA,13293,26320
Walker County GA,13295,69761
Walton County GA,13297,94593
Ware County GA,13299,35734
Warren County GA,13301,5254
Washington County GA,13303,20374
Wayne County GA,13305,29927
Webster County GA,13307,2607
Wheeler County GA,13309,7855
White County GA,13311,30798
Whitfield County GA,13313,104628
Wilcox County GA,13315,8635
Wilkes County GA,13317,9777
Wilkinson County GA,13319,8954
Worth County GA,13321,20247
Hawaii County HI,15001,201513
Honolulu County HI,15003,974563
Kalawao County HI,15005,86
Kauai County HI,15007,72293
Maui County HI,15009,167417
Ada County ID,16001,481587
Adams County ID,16003,4294
Bannock County ID,16005,87808
Bear Lake County ID,16007,6125
Benewah County ID,16009,9298
Bingham County ID,16011,46811
Blaine County ID,16013,23021
Boise County ID,16015,7831
Bonner County ID,16017,45739
Bonneville County ID,16019,119062
Boundary County ID,16021,12245
Butte County ID,16023,2597
Camas County ID,16025,1106
Canyon County ID,16027,229849
Caribou County ID,16029,7155
Cassia County ID,16031,24030
Clark County ID,16033,845
Clearwater County ID,16035,8756
Custer County ID,16037,4315
Elmore County ID,16039,27511
Franklin County ID,16041,13876
Fremont County ID,16043,13099
Gem County ID,16045,18112
Gooding County ID,16047,15179
Idaho County ID,16049,16667
Jefferson County ID,16051,29871
Jerome County ID,16053,24412
Kootenai County ID,16055,165697
Latah County ID,16057,40108
Lemhi County ID,16059,8027
Lewis County ID,16061,3838
Lincoln County ID,16063,5366
Madison County ID,16065,39907
Minidoka County ID,16067,21039
Nez Perce County ID,16069,40408
Oneida County ID,16071,4531
Owyhee County ID,16073,11823
Payette County ID,16075,23951
Power County ID,16077,7681
Shoshone County ID,16079,12882
Teton County ID,16081,12142
Twin Falls County ID,16083,86878
Valley County ID,16085,11392
Washington County ID,16087,10194
Adams County IL,17001,65435
Alexander County IL,17003,5761
Bond County IL,17005,16426
Boone County IL,17007,53544
Brown County IL,17009,6578
Bureau County IL,17011,32628
Calhoun County IL,17013,4739
Carroll County IL,17015,14305
Cass County IL,17017,12147
Champaign County IL,17019,209689
Christian County IL,17021,32304
Clark County IL,17023,15441
Clay County IL,17025,13184
Clinton County IL,17027,37562
Coles County IL,17029,50621
Cook County IL,17031,5150233
Crawford County IL,17033,18667
Cumberland County IL,17035,10766
DeKalb County IL,17037,104897
De Witt County IL,17039,15638
Douglas County IL,17041,19465
DuPage County IL,17043,922921
Edgar County IL,17045,17161
Edwards County IL,17047,6395
Effingham County IL,17049,34008
Fayette County IL,17051,21336
Ford County IL,17053,12961
Franklin County IL,17055,38469
Fulton County IL,17057,34340
Gallatin County IL,17059,4828
Greene County IL,17061,12969
Grundy County IL,17063,51054
Hamilton County IL,17065,8116
Hancock County IL,17067,17708
Hardin County IL,17069,3821
Henderson County IL,17071,6646
Henry County IL,17073,48913
Iroquois County IL,17075,27114
Jackson County IL,17077,56750
Jasper County IL,17079,9610
Jefferson County IL,17081,37684
Jersey County IL,17083,21773
Jo Daviess County IL,17085,21235
Johnson County IL,17087,12417
Kane County IL,17089,532403
Kankakee County IL,17091,109862
Kendall County IL,17093,128990
Knox County IL,17095,49699
Lake County IL,17097,696535
LaSalle County IL,17099,108669
Lawrence County IL,17101,15678
Lee County IL,17103,34096
Livingston County IL,17105,35648
Logan County IL,17107,28618
McDonough County IL,17109,29682
McHenry County IL,17111,307774
McLean County IL,17113,171517
Macon County IL,17115,104009
Macoupin County IL,17117,44926
Madison County IL,17119,262966
Marion County IL,17121,37205
Marshall County IL,17123,11438
Mason County IL,17125,13359
Massac County IL,17127,13772
Menard County IL,17129,12196
Mercer County IL,17131,15437
Monroe County IL,17133,34637
Montgomery County IL,17135,28414
Morgan County IL,17137,33658
Moultrie County IL,17139,14501
Ogle County IL,17141,50643
Peoria County IL,17143,179179
Perry County IL,17145,20916
Piatt County IL,17147,16344
Pike County IL,17149,15561
Pope County IL,17151,4177
Pulaski County IL,17153,5335
Putnam County IL,17155,5739
Randolph County IL,17157,31782
Richland County IL,17159,15513
Rock Island County IL,17161,141879
St. Clair County IL,17163,259686
Saline County IL,17165,23491
Sangamon County IL,17167,194672
Schuyler County IL,17169,6768
Scott County IL,17171,4951
Shelby County IL,17173,21634
Stark County IL,17175,5342
Stephenson County IL,17177,44498
Tazewell County IL,17179,131803
Union County IL,17181,16653
Vermilion County IL,17183,75758
Wabash County IL,17185,11520
Warren County IL,17187,16844
Washington County IL,17189,13887
Wayne County IL,17191,16215
White County IL,17193,13537
Whiteside County IL,17195,55175
Will County IL,17197,690743
Williamson County IL,17199,66597
Winnebago County IL,17201,282572
Woodford County IL,17203,38459
Adams County IN,18001,35777
Allen County IN,18003,379299
Bartholomew County IN,18005,83779
Benton County IN,18007,8748
Blackford County IN,18009,11758
Boone County IN,18011,67843
Brown County IN,18013,15092
Carroll County IN,18015,20257
Cass County IN,18017,37689
Clark County IN,18019,118302
Clay County IN,18021,26225
Clinton County IN,18023,32399
Crawford County IN,18025,10577
Daviess County IN,18027,33351
Dearborn County IN,18029,49458
Decatur County IN,18031,26559
DeKalb County IN,18033,43475
Delaware County IN,18035,114135
Dubois County IN,18037,42736
Elkhart County IN,18039,206341
Fayette County IN,18041,23102
Floyd County IN,18043,78522
Fountain County IN,18045,16346
Franklin County IN,18047,22758
Fulton County IN,18049,19974
Gibson County IN,18051,33659
Grant County IN,18053,65769
Greene County IN,18055,31922
Hamilton County IN,18057,338011
Hancock County IN,18059,78168
Harrison County IN,18061,40515
Hendricks County IN,18063,170311
Henry County IN,18065,47972
Howard County IN,18067,82544
Huntington County IN,18069,36520
Jackson County IN,18071,44231
Jasper County IN,18073,33562
Jay County IN,18075,20436
Jefferson County IN,18077,32308
Jennings County IN,18079,27735
Johnson County IN,18081,158167
Knox County IN,18083,36594
Kosciusko County IN,18085,79456
LaGrange County IN,18087,39614
Lake County IN,18089,485493
LaPorte County IN,18091,109888
Lawrence County IN,18093,45370
Madison County IN,18095,129569
Marion County IN,18097,964582
Marshall County IN,18099,46258
Martin County IN,18101,10255
Miami County IN,18103,35516
Monroe County IN,18105,148431
Montgomery County IN,18107,38338
Morgan County IN,18109,70489
Newton County IN,18111,13984
Noble County IN,18113,47744
Ohio County IN,18115,5875
Orange County IN,18117,19646
Owen County IN,18119,20799
Parke County IN,18121,16937
Perry County IN,18123,19169
Pike County IN,18125,12389
Porter County IN,18127,170389
Posey County IN,18129,25427
Pulaski County IN,18131,12353
Putnam County IN,18133,37576
Randolph County IN,18135,24665
Ripley County IN,18137,28324
Rush County IN,18139,16581
St. Joseph County IN,18141,271826
Scott County IN,18143,23873
Shelby County IN,18145,44729
Spencer County IN,18147,20277
Starke County IN,18149,22995
Steuben County IN,18151,34594
Sullivan County IN,18153,20669
Switzerland County IN,18155,10751
Tippecanoe County IN,18157,195732
Tipton County IN,18159,15148
Union County IN,18161,7054
Vanderburgh County IN,18163,181451
Vermillion County IN,18165,15498
Vigo County IN,18167,107038
Wabash County IN,18169,30996
Warren County IN,18171,8265
Warrick County IN,18173,62998
Washington County IN,18175,28036
Wayne County IN,18177,65884
Wells County IN,18179,28296
White County IN,18181,24102
Whitley County IN,18183,33964
Adair County IA,19001,7152
Adams County IA,19003,3602
Allamakee County IA,19005,13687
Appanoose County IA,19007,12426
Audubon County IA,19009,5496
Benton County IA,19011,25645
Black Hawk County IA,19013,131228
Boone County IA,19015,26234
Bremer County IA,19017,25062
Buchanan County IA,19019,21175
Buena Vista County IA,19021,19620
Butler County IA,19023,14439
Calhoun County IA,19025,9668
Carroll County IA,19027,20165
Cass County IA,19029,12836
Cedar County IA,19031,18627
Cerro Gordo County IA,19033,42450
Cherokee County IA,19035,11235
Chickasaw County IA,19037,11933
Clarke County IA,19039,9395
Clay County IA,19041,16016
Clayton County IA,19043,17549
Clinton County IA,19045,46429
Crawford County IA,19047,16820
Dallas County IA,19049,93453
Davis County IA,19051,9000
Decatur County IA,19053,7870
Delaware County IA,19055,17011
Des Moines County IA,19057,38967
Dickinson County IA,19059,17258
Dubuque County IA,19061,97311
Emmet County IA,19063,9208
Fayette County IA,19065,19650
Floyd County IA,19067,15642
Franklin County IA,19069,10070
Fremont County IA,19071,6960
Greene County IA,19073,8888
Grundy County IA,19075,12232
Guthrie County IA,19077,10689
Hamilton County IA,19079,14773
Hancock County IA,19081,10630
Hardin County IA,19083,16846
Harrison County IA,19085,14049
Henry County IA,19087,19954
Howard County IA,19089,9158
Humboldt County IA,19091,9558
Ida County IA,19093,6860
Iowa County IA,19095,16184
Jackson County IA,19097,19439
Jasper County IA,19099,37185
Jefferson County IA,19101,18295
Johnson County IA,19103,151140
Jones County IA,19105,20681
Keokuk County IA,19107,10246
Kossuth County IA,19109,14813
Lee County IA,19111,33657
Linn County IA,19113,226706
Louisa County IA,19115,11035
Lucas County IA,19117,8600
Lyon County IA,19119,11755
Madison County IA,19121,16338
Mahaska County IA,19123,22095
Marion County IA,19125,33253
Marshall County IA,19127,39369
Mills County IA,19129,15109
Mitchell County IA,19131,10586
Monona County IA,19133,8615
Monroe County IA,19135,7707
Montgomery County IA,19137,9917
Muscatine County IA,19139,42664
O'Brien County IA,19141,13753
Osceola County IA,19143,5958
Page County IA,19145,15107
Palo Alto County IA,19147,8886
Plymouth County IA,19149,25177
Pocahontas County IA,19151,6619
Polk County IA,19153,490161
Pottawattamie County IA,19155,93206
Poweshiek County IA,19157,18504
Ringgold County IA,19159,4894
Sac County IA,19161,9721
Scott County IA,19163,172943
Shelby County IA,19165,11454
Sioux County IA,19167,34855
Story County IA,19169,97117
Tama County IA,19171,16854
Taylor County IA,19173,6121
Union County IA,19175,12241
Van Buren County IA,19177,7044
Wapello County IA,19179,34969
Warren County IA,19181,51466
Washington County IA,19183,21965
Wayne County IA,19185,6441
Webster County IA,19187,35904
Winnebago County IA,19189,10354
Winneshiek County IA,19191,19991
Woodbury County IA,19193,103107
Worth County IA,19195,7381
Wright County IA,19197,12562
Allen County KS,20001,12369
Anderson County KS,20003,7858
Atchison County KS,20005,16073
Barber County KS,20007,4427
Barton County KS,20009,25779
Bourbon County KS,20011,14534
Brown County KS,20013,9564
Butler County KS,20015,66911
Chase County KS,20017,2648
Chautauqua County KS,20019,3250
Cherokee County KS,20021,19939
Cheyenne County KS,20023,2657
Clark County KS,20025,1994
Clay County KS,20027,8002
Cloud County KS,20029,8786
Coffey County KS,20031,8179
Comanche County KS,20033,1700
Cowley County KS,20035,34908
Crawford County KS,20037,38818
Decatur County KS,20039,2827
Dickinson County KS,20041,18466
Doniphan County KS,20043,7600
Douglas County KS,20045,122259
Edwards County KS,20047,2798
Elk County KS,20049,2530
Ellis County KS,20051,28553
Ellsworth County KS,20053,6102
Finney County KS,20055,36467
Ford County KS,20057,33619
Franklin County KS,20059,25544
Geary County KS,20061,31670
Gove County KS,20063,2636
Graham County KS,20065,2482
Grant County KS,20067,7150
Gray County KS,20069,5988
Greeley County KS,20071,1232
Greenwood County KS,20073,5982
Hamilton County KS,20075,2539
Harper County KS,20077,5436
Harvey County KS,20079,34429
Haskell County KS,20081,3968
Hodgeman County KS,20083,1794
Jackson County KS,20085,13171
Jefferson County KS,20087,19043
Jewell County KS,20089,2879
Johnson County KS,20091,602401
Kearny County KS,20093,3838
Kingman County KS,20095,7152
Kiowa County KS,20097,2475
Labette County KS,20099,19618
Lane County KS,20101,1535
Leavenworth County KS,20103,81758
Lincoln County KS,20105,2962
Linn County KS,20107,9703
Logan County KS,20109,2794
Lyon County KS,20111,33195
McPherson County KS,20113,28542
Marion County KS,20115,11884
Marshall County KS,20117,9707
Meade County KS,20119,4033
Miami County KS,20121,34237
Mitchell County KS,20123,5979
Montgomery County KS,20125,31829
Morris County KS,20127,5620
Morton County KS,20129,2587
Nemaha County KS,20131,10231
Neosho County KS,20133,16007
Ness County KS,20135,2750
Norton County KS,20137,5361
Osage County KS,20139,15949
Osborne County KS,20141,3421
Ottawa County KS,20143,5704
Pawnee County KS,20145,6414
Phillips County KS,20147,5234
Pottawatomie County KS,20149,24383
Pratt County KS,20151,9164
Rawlins County KS,20153,2530
Reno County KS,20155,61998
Republic County KS,20157,4636
Rice County KS,20159,9537
Riley County KS,20161,74232
Rooks County KS,20163,4920
Rush County KS,20165,3036
Russell County KS,20167,6856
Saline County KS,20169,54224
Scott County KS,20171,4823
Sedgwick County KS,20173,516042
Seward County KS,20175,21428
Shawnee County KS,20177,176875
Sheridan County KS,20179,2521
Sherman County KS,20181,5917
Smith County KS,20183,3583
Stafford County KS,20185,4156
Stanton County KS,20187,2006
Stevens County KS,20189,5485
Sumner County KS,20191,22836
Thomas County KS,20193,7777
Trego County KS,20195,2803
Wabaunsee County KS,20197,6931
Wallace County KS,20199,1518
Washington County KS,20201,5406
Wichita County KS,20203,2119
Wilson County KS,20205,8525
Woodson County KS,20207,3138
Wyandotte County KS,20209,165429
Adair County KY,21001,19202
Allen County KY,21003,21315
Anderson County KY,21005,22747
Ballard County KY,21007,7888
Barren County KY,21009,44249
Bath County KY,21011,12500
Bell County KY,21013,26032
Boone County KY,21015,133581
Bourbon County KY,21017,19788
Boyd County KY,21019,46718
Boyle County KY,21021,30060
Bracken County KY,21023,8303
Breathitt County KY,21025,12630
Breckinridge County KY,21027,20477
Bullitt County KY,21029,81676
Butler County KY,21031,12879
Caldwell County KY,21033,12747
Calloway County KY,21035,39001
Campbell County KY,21037,93584
Carlisle County KY,21039,4760
Carroll County KY,21041,10631
Carter County KY,21043,26797
Casey County KY,21045,16159
Christian County KY,21047,70461
Clark County KY,21049,36263
Clay County KY,21051,19901
Clinton County KY,21053,10218
Crittenden County KY,21055,8806
Cumberland County KY,21057,6614
Daviess County KY,21059,101511
Edmonson County KY,21061,12150
Elliott County KY,21063,7517
Estill County KY,21065,14106
Fayette County KY,21067,323152
Fleming County KY,21069,14581
Floyd County KY,21071,35589
Franklin County KY,21073,50991
Fulton County KY,21075,5969
Gallatin County KY,21077,8869
Garrard County KY,21079,17666
Grant County KY,21081,25069
Graves County KY,21083,37266
Grayson County KY,21085,26427
Green County KY,21087,10941
Greenup County KY,21089,35098
Hancock County KY,21091,8722
Hardin County KY,21093,110958
Harlan County KY,21095,26010
Harrison County KY,21097,18886
Hart County KY,21099,19035
Henderson County KY,21101,45210
Henry County KY,21103,16126
Hickman County KY,21105,4380
Hopkins County KY,21107,44686
Jackson County KY,21109,13329
Jefferson County KY,21111,766757
Jessamine County KY,21113,54115
Johnson County KY,21115,22188
Kenton County KY,21117,166998
Knott County KY,21119,14806
Knox County KY,21121,31145
Larue County KY,21123,14398
Laurel County KY,21125,60813
Lawrence County KY,21127,15317
Lee County KY,21129,7403
Leslie County KY,21131,9877
Letcher County KY,21133,21553
Lewis County KY,21135,13275
Lincoln County KY,21137,24549
Livingston County KY,21139,9194
Logan County KY,21141,27102
Lyon County KY,21143,8210
McCracken County KY,21145,65418
McCreary County KY,21147,17231
McLean County KY,21149,9207
Madison County KY,21151,92987
Magoffin County KY,21153,12161
Marion County KY,21155,19273
Marshall County KY,21157,31100
Martin County KY,21159,11195
Mason County KY,21161,17070
Meade County KY,21163,28572
Menifee County KY,21165,6489
Mercer County KY,21167,21933
Metcalfe County KY,21169,10071
Monroe County KY,21171,10650
Montgomery County KY,21173,28157
Morgan County KY,21175,13309
Muhlenberg County KY,21177,30622
Nelson County KY,21179,46233
Nicholas County KY,21181,7269
Ohio County KY,21183,23994
Oldham County KY,21185,66799
Owen County KY,21187,10901
Owsley County KY,21189,4415
Pendleton County KY,21191,14590
Perry County KY,21193,25758
Pike County KY,21195,57876
Powell County KY,21197,12359
Pulaski County KY,21199,64979
Robertson County KY,21201,2108
Rockcastle County KY,21203,16695
Rowan County KY,21205,24460
Russell County KY,21207,17923
Scott County KY,21209,57004
Shelby County KY,21211,49024
Simpson County KY,21213,18572
Spencer County KY,21215,19351
Taylor County KY,21217,25769
Todd County KY,21219,12294
Trigg County KY,21221,14651
Trimble County KY,21223,8471
Union County KY,21225,14381
Warren County KY,21227,132896
Washington County KY,21229,12095
Wayne County KY,21231,20333
Webster County KY,21233,12942
Whitley County KY,21235,36264
Wolfe County KY,21237,7157
Woodford County KY,21239,26734
Acadia Parish LA,22001,62045
Allen Parish LA,22003,25627
Ascension Parish LA,22005,126604
Assumption Parish LA,22007,21891
Avoyelles Parish LA,22009,40144
Beauregard Parish LA,22011,37497
Bienville Parish LA,22013,13241
Bossier Parish LA,22015,127039
Caddo Parish LA,22017,240204
Calcasieu Parish LA,22019,203436
Caldwell Parish LA,22021,9918
Cameron Parish LA,22023,6973
Catahoula Parish LA,22025,9494
Claiborne Parish LA,22027,15670
Concordia Parish LA,22029,19259
De Soto Parish LA,22031,27463
East Baton Rouge Parish LA,22033,440059
East Carroll Parish LA,22035,6861
East Feliciana Parish LA,22037,19135
Evangeline Parish LA,22039,33395
Franklin Parish LA,22041,20015
Grant Parish LA,22043,22389
Iberia Parish LA,22045,69830
Iberville Parish LA,22047,32511
Jackson Parish LA,22049,15744
Jefferson Parish LA,22051,432493
Jefferson Davis Parish LA,22053,31368
Lafayette Parish LA,22055,244390
Lafourche Parish LA,22057,97614
LaSalle Parish LA,22059,14892
Lincoln Parish LA,22061,46742
Livingston Parish LA,22063,140789
Madison Parish LA,22065,10951
Morehouse Parish LA,22067,24874
Natchitoches Parish LA,22069,38158
Orleans Parish LA,22071,390144
Ouachita Parish LA,22073,153279
Plaquemines Parish LA,22075,23197
Pointe Coupee Parish LA,22077,21730
Rapides Parish LA,22079,129648
Red River Parish LA,22081,8442
Richland Parish LA,22083,20122
Sabine Parish LA,22085,23884
St. Bernard Parish LA,22087,47244
St. Charles Parish LA,22089,53100
St. Helena Parish LA,22091,10132
St. James Parish LA,22093,21096
St. John the Baptist Parish LA,22095,42837
St. Landry Parish LA,22097,82124
St. Martin Parish LA,22099,53431
St. Mary Parish LA,22101,49348
St. Tammany Parish LA,22103,260419
Tangipahoa Parish LA,22105,134758
Tensas Parish LA,22107,4334
Terrebonne Parish LA,22109,110461
Union Parish LA,22111,22108
Vermilion Parish LA,22113,59511
Vernon Parish LA,22115,47429
Washington Parish LA,22117,46194
Webster Parish LA,22119,38340
West Baton Rouge Parish LA,22121,26465
West Carroll Parish LA,22123,10830
West Feliciana Parish LA,22125,15568
Winn Parish LA,22127,13904
Androscoggin County ME,23001,108277
Aroostook County ME,23003,67055
Cumberland County ME,23005,295003
Franklin County ME,23007,30199
Hancock County ME,23009,54987
Kennebec County ME,23011,122302
Knox County ME,23013,39772
Lincoln County ME,23015,34634
Oxford County ME,23017,57975
Penobscot County ME,23019,152148
Piscataquis County ME,23021,16785
Sagadahoc County ME,23023,35856
Somerset County ME,23025,50484
Waldo County ME,23027,39715
Washington County ME,23029,31379
York County ME,23031,207641
Allegany County MD,24001,70416
Anne Arundel County MD,24003,579234
Baltimore County MD,24005,827370
Calvert County MD,24009,92525
Caroline County MD,24011,33406
Carroll County MD,24013,168447
Cecil County MD,24015,102855
Charles County MD,24017,163257
Dorchester County MD,24019,31929
Frederick County MD,24021,259547
Garrett County MD,24023,29014
Harford County MD,24025,255441
Howard County MD,24027,325690
Kent County MD,24029,19422
Montgomery County MD,24031,1050688
Prince George's County MD,24033,909327
Queen Anne's County MD,24035,50381
St. Mary's County MD,24037,113510
Somerset County MD,24039,25616
Talbot County MD,24041,37181
Washington County MD,24043,151049
Wicomico County MD,24045,103609
Worcester County MD,24047,52276
Baltimore city MD,24510,593490
Barnstable County MA,25001,212990
Berkshire County MA,25003,124944
Bristol County MA,25005,565217
Dukes County MA,25007,17332
Essex County MA,25009,789034
Franklin County MA,25011,70180
Hampden County MA,25013,466372
Hampshire County MA,25015,160830
Middlesex County MA,25017,1611699
Nantucket County MA,25019,11399
Norfolk County MA,25021,706775
Plymouth County MA,25023,521202
Suffolk County MA,25025,803907
Worcester County MA,25027,830622
Alcona County MI,26001,10405
Alger County MI,26003,9108
Allegan County MI,26005,118081
Alpena County MI,26007,28405
Antrim County MI,26009,23324
Arenac County MI,26011,14883
Baraga County MI,26013,8209
Barry County MI,26015,61550
Bay County MI,26017,103126
Benzie County MI,26019,17766
Berrien County MI,26021,153401
Branch County MI,26023,43517
Calhoun County MI,26025,134159
Cass County MI,26027,51787
Charlevoix County MI,26029,26143
Cheboygan County MI,26031,25276
Chippewa County MI,26033,37349
Clare County MI,26035,30950
Clinton County MI,26037,79595
Crawford County MI,26039,14029
Delta County MI,26041,35784
Dickinson County MI,26043,25239
Eaton County MI,26045,110268
Emmet County MI,26047,33415
Genesee County MI,26049,405813
Gladwin County MI,26051,25449
Gogebic County MI,26053,13975
Grand Traverse County MI,26055,93088
Gratiot County MI,26057,40711
Hillsdale County MI,26059,45605
Houghton County MI,26061,35684
Huron County MI,26063,30981
Ingham County MI,26065,292406
Ionia County MI,26067,64697
Iosco County MI,26069,25127
Iron County MI,26071,11066
Isabella County MI,26073,69872
Jackson County MI,26075,158510
Kalamazoo County MI,26077,265066
Kalkaska County MI,26079,18038
Kent County MI,26081,656955
Keweenaw County MI,26083,2116
Lake County MI,26085,11853
Lapeer County MI,26087,87607
Leelanau County MI,26089,21761
Lenawee County MI,26091,98451
Livingston County MI,26093,191995
Luce County MI,26095,6229
Mackinac County MI,26097,10799
Macomb County MI,26099,873972
Manistee County MI,26101,24558
Marquette County MI,26103,66699
Mason County MI,26105,29144
Mecosta County MI,26107,43453
Menominee County MI,26109,22780
Midland County MI,26111,83156
Missaukee County MI,26113,15118
Monroe County MI,26115,150500
Montcalm County MI,26117,63888
Montmorency County MI,26119,9328
Muskegon County MI,26121,173566
Newaygo County MI,26123,48980
Oakland County MI,26125,1257584
Oceana County MI,26127,26467
Ogemaw County MI,26129,20997
Ontonagon County MI,26131,5720
Osceola County MI,26133,23460
Oscoda County MI,26135,8241
Otsego County MI,26137,24668
Ottawa County MI,26139,291830
Presque Isle County MI,26141,12592
Roscommon County MI,26143,24019
Saginaw County MI,26145,190539
St. Clair County MI,26147,159128
St. Joseph County MI,26149,60964
Sanilac County MI,26151,41170
Schoolcraft County MI,26153,8094
Shiawassee County MI,26155,68122
Tuscola County MI,26157,52245
Van Buren County MI,26159,75677
Washtenaw County MI,26161,367601
Wayne County MI,26163,1749343
Wexford County MI,26165,33631
Aitkin County MN,27001,15886
Anoka County MN,27003,356921
Becker County MN,27005,34423
Beltrami County MN,27007,47188
Benton County MN,27009,40889
Big Stone County MN,27011,4991
Blue Earth County MN,27013,67653
Brown County MN,27015,25008
Carlton County MN,27017,35871
Carver County MN,27019,105089
Cass County MN,27021,29779
Chippewa County MN,27023,11800
Chisago County MN,27025,56579
Clay County MN,27027,64222
Clearwater County MN,27029,8818
Cook County MN,27031,5463
Cottonwood County MN,27033,11196
Crow Wing County MN,27035,65055
Dakota County MN,27037,429021
Dodge County MN,27039,20934
Douglas County MN,27041,38141
Faribault County MN,27043,13653
Fillmore County MN,27045,21067
Freeborn County MN,27047,30281
Goodhue County MN,27049,46340
Grant County MN,27051,5972
Hennepin County MN,27053,1265843
Houston County MN,27055,18600
Hubbard County MN,27057,21491
Isanti County MN,27059,40596
Itasca County MN,27061,45130
Jackson County MN,27063,9846
Kanabec County MN,27065,16337
Kandiyohi County MN,27067,43199
Kittson County MN,27069,4298
Koochiching County MN,27071,12229
Lac qui Parle County MN,27073,6623
Lake County MN,27075,10641
Lake of the Woods County MN,27077,3740
Le Sueur County MN,27079,28887
Lincoln County MN,27081,5639
Lyon County MN,27083,25474
McLeod County MN,27085,35893
Mahnomen County MN,27087,5527
Marshall County MN,27089,9336
Martin County MN,27091,19683
Meeker County MN,27093,23222
Mille Lacs County MN,27095,26277
Morrison County MN,27097,33386
Mower County MN,27099,40062
Murray County MN,27101,8194
Nicollet County MN,27103,34274
Nobles County MN,27105,21629
Norman County MN,27107,6375
Olmsted County MN,27109,158293
Otter Tail County MN,27111,58746
Pennington County MN,27113,14119
Pine County MN,27115,29579
Pipestone County MN,27117,9126
Polk County MN,27119,31364
Pope County MN,27121,11249
Ramsey County MN,27123,550321
Red Lake County MN,27125,4055
Redwood County MN,27127,15170
Renville County MN,27129,14548
Rice County MN,27131,66972
Rock County MN,27133,9315
Roseau County MN,27135,15165
St. Louis County MN,27137,199070
Scott County MN,27139,149013
Sherburne County MN,27141,97238
Sibley County MN,27143,14865
Stearns County MN,27145,161075
Steele County MN,27147,36649
Stevens County MN,27149,9805
Swift County MN,27151,9266
Todd County MN,27153,24664
Traverse County MN,27155,3259
Wabasha County MN,27157,21627
Wadena County MN,27159,13682
Waseca County MN,27161,18612
Washington County MN,27163,262440
Watonwan County MN,27165,10897
Wilkin County MN,27167,6207
Winona County MN,27169,50484
Wright County MN,27171,138377
Yellow Medicine County MN,27173,9709
Adams County MS,28001,30693
Alcorn County MS,28003,36953
Amite County MS,28005,12297
Attala County MS,28007,18174
Benton County MS,28009,8259
Bolivar County MS,28011,30628
Calhoun County MS,28013,14361
Carroll County MS,28015,9947
Chickasaw County MS,28017,17103
Choctaw County MS,28019,8210
Claiborne County MS,28021,8988
Clarke County MS,28023,15541
Clay County MS,28025,19316
Coahoma County MS,28027,22124
Copiah County MS,28029,28065
Covington County MS,28031,18636
DeSoto County MS,28033,184945
Forrest County MS,28035,74897
Franklin County MS,28037,7713
George County MS,28039,24500
Greene County MS,28041,13586
Grenada County MS,28043,20758
Hancock County MS,28045,47632
Harrison County MS,28047,208080
Hinds County MS,28049,231840
Holmes County MS,28051,17010
Humphreys County MS,28053,8064
Issaquena County MS,28055,1327
Itawamba County MS,28057,23390
Jackson County MS,28059,143617
Jasper County MS,28061,16383
Jefferson County MS,28063,6990
Jefferson Davis County MS,28065,11128
Jones County MS,28067,68098
Kemper County MS,28069,9742
Lafayette County MS,28071,54019
Lamar County MS,28073,63343
Lauderdale County MS,28075,74125
Lawrence County MS,28077,12586
Leake County MS,28079,22786
Lee County MS,28081,85436
Leflore County MS,28083,28183
Lincoln County MS,28085,34153
Lowndes County MS,28087,58595
Madison County MS,28089,106272
Marion County MS,28091,24573
Marshall County MS,28093,35294
Monroe County MS,28095,35252
Montgomery County MS,28097,9775
Neshoba County MS,28099,29118
Newton County MS,28101,21018
Noxubee County MS,28103,10417
Oktibbeha County MS,28105,49587
Panola County MS,28107,34192
Pearl River County MS,28109,55535
Perry County MS,28111,11973
Pike County MS,28113,39288
Pontotoc County MS,28115,32174
Prentiss County MS,28117,25126
Quitman County MS,28119,6792
Rankin County MS,28121,155271
Scott County MS,28123,28124
Sharkey County MS,28125,4321
Simpson County MS,28127,26658
Smith County MS,28129,15916
Stone County MS,28131,18336
Sunflower County MS,28133,25110
Tallahatchie County MS,28135,13809
Tate County MS,28137,28321
Tippah County MS,28139,22015
Tishomingo County MS,28141,19383
Tunica County MS,28143,9632
Union County MS,28145,28815
Walthall County MS,28147,14286
Warren County MS,28149,45381
Washington County MS,28151,43909
Wayne County MS,28153,20183
Webster County MS,28155,9689
Wilkinson County MS,28157,8630
Winston County MS,28159,17955
Yalobusha County MS,28161,12108
Yazoo County MS,28163,29690
Adair County MO,29001,25343
Andrew County MO,29003,17712
Atchison County MO,29005,5143
Audrain County MO,29007,25388
Barry County MO,29009,35789
Barton County MO,29011,11754
Bates County MO,29013,16172
Benton County MO,29015,19443
Bollinger County MO,29017,12133
Boone County MO,29019,180463
Buchanan County MO,29021,87364
Butler County MO,29023,42478
Caldwell County MO,29025,9020
Callaway County MO,29027,44743
Camden County MO,29029,46305
Cape Girardeau County MO,29031,78871
Carroll County MO,29033,8679
Carter County MO,29035,5982
Cass County MO,29037,105780
Cedar County MO,29039,14349
Chariton County MO,29041,7426
Christian County MO,29043,88595
Clark County MO,29045,6797
Clay County MO,29047,249948
Clinton County MO,29049,20387
Cole County MO,29051,76745
Cooper County MO,29053,17709
Crawford County MO,29055,23920
Dade County MO,29057,7561
Dallas County MO,29059,16878
Daviess County MO,29061,8278
DeKalb County MO,29063,12547
Dent County MO,29065,15573
Douglas County MO,29067,13185
Dunklin County MO,29069,29131
Franklin County MO,29071,103967
Gasconade County MO,29073,14706
Gentry County MO,29075,6571
Greene County MO,29077,293086
Grundy County MO,29079,9850
Harrison County MO,29081,8352
Henry County MO,29083,21824
Hickory County MO,29085,9544
Holt County MO,29087,4403
Howard County MO,29089,10001
Howell County MO,29091,40117
Iron County MO,29093,10125
Jackson County MO,29095,703011
Jasper County MO,29097,121328
Jefferson County MO,29099,225081
Johnson County MO,29101,54062
Knox County MO,29103,3959
Laclede County MO,29105,35723
Lafayette County MO,29107,32708
Lawrence County MO,29109,38355
Lewis County MO,29111,9776
Lincoln County MO,29113,59013
Linn County MO,29115,11920
Livingston County MO,29117,15227
McDonald County MO,29119,22837
Macon County MO,29121,15117
Madison County MO,29123,12088
Maries County MO,29125,8697
Marion County MO,29127,28530
Mercer County MO,29129,3617
Miller County MO,29131,25619
Mississippi County MO,29133,13180
Moniteau County MO,29135,16132
Monroe County MO,29137,8644
Montgomery County MO,29139,11551
Morgan County MO,29141,20627
New Madrid County MO,29143,17076
Newton County MO,29145,58236
Nodaway County MO,29147,22092
Oregon County MO,29149,10529
Osage County MO,29151,13615
Ozark County MO,29153,9174
Pemiscot County MO,29155,15805
Perry County MO,29157,19136
Pettis County MO,29159,42339
Phelps County MO,29161,44573
Pike County MO,29163,18302
Platte County MO,29165,104418
Polk County MO,29167,32149
Pulaski County MO,29169,52607
Putnam County MO,29171,4696
Ralls County MO,29173,10309
Randolph County MO,29175,24748
Ray County MO,29177,23018
Reynolds County MO,29179,6270
Ripley County MO,29181,13288
St. Charles County MO,29183,402022
St. Clair County MO,29185,9397
Ste. Genevieve County MO,29186,17894
St. Francois County MO,29187,67215
St. Louis County MO,29189,994205
Saline County MO,29195,22761
Schuyler County MO,29197,4660
Scotland County MO,29199,4902
Scott County MO,29201,38280
Shannon County MO,29203,8166
Shelby County MO,29205,5930
Stoddard County MO,29207,29025
Stone County MO,29209,31952
Sullivan County MO,29211,6089
Taney County MO,29213,55928
Texas County MO,29215,25398
Vernon County MO,29217,20563
Warren County MO,29219,35649
Washington County MO,29221,24730
Wayne County MO,29223,12873
Webster County MO,29225,39592
Worth County MO,29227,2013
Wright County MO,29229,18289
St. Louis city MO,29510,300576
Beaverhead County MT,30001,9453
Big Horn County MT,30003,13319
Blaine County MT,30005,6681
Broadwater County MT,30007,6237
Carbon County MT,30009,10725
Carter County MT,30011,1252
Cascade County MT,30013,81366
Chouteau County MT,30015,5635
Custer County MT,30017,11402
Daniels County MT,30019,1690
Dawson County MT,30021,8613
Deer Lodge County MT,30023,9140
Fallon County MT,30025,2846
Fergus County MT,30027,11050
Flathead County MT,30029,103806
Gallatin County MT,30031,114434
Garfield County MT,30033,1258
Glacier County MT,30035,13753
Golden Valley County MT,30037,821
Granite County MT,30039,3379
Hill County MT,30041,16484
Jefferson County MT,30043,12221
Judith Basin County MT,30045,2007
Lake County MT,30047,30458
Lewis and Clark County MT,30049,69432
Liberty County MT,30051,2337
Lincoln County MT,30053,19980
McCone County MT,30055,1664
Madison County MT,30057,8600
Meagher County MT,30059,1862
Mineral County MT,30061,4397
Missoula County MT,30063,119600
Musselshell County MT,30065,4633
Park County MT,30067,16606
Petroleum County MT,30069,487
Phillips County MT,30071,3954
Pondera County MT,30073,5911
Powder River County MT,30075,1682
Powell County MT,30077,6890
Prairie County MT,30079,1077
Ravalli County MT,30081,43806
Richland County MT,30083,10803
Roosevelt County MT,30085,11004
Rosebud County MT,30087,8937
Sanders County MT,30089,12113
Sheridan County MT,30091,3309
Silver Bow County MT,30093,34915
Stillwater County MT,30095,9642
Sweet Grass County MT,30097,3737
Teton County MT,30099,6147
Toole County MT,30101,4736
Treasure County MT,30103,696
Valley County MT,30105,7396
Wheatland County MT,30107,2126
Wibaux County MT,30109,969
Yellowstone County MT,30111,161300
Adams County NE,31001,31363
Antelope County NE,31003,6298
Arthur County NE,31005,463
Banner County NE,31007,745
Blaine County NE,31009,465
Boone County NE,31011,5192
Box Butte County NE,31013,10783
Boyd County NE,31015,1919
Brown County NE,31017,2955
Buffalo County NE,31019,49659
Burt County NE,31021,6459
Butler County NE,31023,8016
Cass County NE,31025,26248
Cedar County NE,31027,8402
Chase County NE,31029,3924
Cherry County NE,31031,5689
Cheyenne County NE,31033,8910
Clay County NE,31035,6203
Colfax County NE,31037,10709
Cuming County NE,31039,8846
Custer County NE,31041,10777
Dakota County NE,31043,20026
Dawes County NE,31045,8589
Dawson County NE,31047,23595
Deuel County NE,31049,1794
Dixon County NE,31051,5636
Dodge County NE,31053,36565
Douglas County NE,31055,571327
Dundy County NE,31057,1693
Fillmore County NE,31059,5462
Franklin County NE,31061,2979
Frontier County NE,31063,2627
Furnas County NE,31065,4676
Gage County NE,31067,21513
Garden County NE,31069,1837
Garfield County NE,31071,1969
Gosper County NE,31073,1990
Grant County NE,31075,623
Greeley County NE,31077,2356
Hall County NE,31079,61353
Hamilton County NE,31081,9324
Harlan County NE,31083,3380
Hayes County NE,31085,922
Hitchcock County NE,31087,2762
Holt County NE,31089,10067
Hooker County NE,31091,682
Howard County NE,31093,6445
Jefferson County NE,31095,7046
Johnson County NE,31097,5071
Kearney County NE,31099,6495
Keith County NE,31101,8034
Keya Paha County NE,31103,806
Kimball County NE,31105,3632
Knox County NE,31107,8332
Lancaster County NE,31109,319090
Lincoln County NE,31111,34914
Logan County NE,31113,748
Loup County NE,31115,664
McPherson County NE,31117,494
Madison County NE,31119,35099
Merrick County NE,31121,7755
Morrill County NE,31123,4642
Nance County NE,31125,3519
Nemaha County NE,31127,6972
Nuckolls County NE,31129,4148
Otoe County NE,31131,16012
Pawnee County NE,31133,2613
Perkins County NE,31135,2891
Phelps County NE,31137,9034
Pierce County NE,31139,7148
Platte County NE,31141,33470
Polk County NE,31143,5213
Red Willow County NE,31145,10724
Richardson County NE,31147,7865
Rock County NE,31149,1357
Saline County NE,31151,14224
Sarpy County NE,31153,187196
Saunders County NE,31155,21578
Scotts Bluff County NE,31157,35618
Seward County NE,31159,17284
Sheridan County NE,31161,5246
Sherman County NE,31163,3001
Sioux County NE,31165,1166
Stanton County NE,31167,5920
Thayer County NE,31169,5003
Thomas County NE,31171,722
Thurston County NE,31173,7224
Valley County NE,31175,4158
Washington County NE,31177,20729
Wayne County NE,31179,9385
Webster County NE,31181,3487
Wheeler County NE,31183,783
York County NE,31185,13679
Churchill County NV,32001,24909
Clark County NV,32003,2266715
Douglas County NV,32005,48905
Elko County NV,32007,52778
Esmeralda County NV,32009,873
Eureka County NV,32011,2029
Humboldt County NV,32013,16831
Lander County NV,32015,5532
Lincoln County NV,32017,5183
Lyon County NV,32019,57510
Mineral County NV,32021,4505
Nye County NV,32023,46523
Pershing County NV,32027,6725
Storey County NV,32029,4123
Washoe County NV,32031,471519
White Pine County NV,32033,9580
Carson City NV,32510,55916
Belknap County NH,33001,61303
Carroll County NH,33003,48910
Cheshire County NH,33005,76085
Coos County NH,33007,31563
Grafton County NH,33009,89886
Hillsborough County NH,33011,417025
Merrimack County NH,33013,151391
Rockingham County NH,33015,309769
Strafford County NH,33017,130633
Sullivan County NH,33019,43146
Atlantic County NJ,34001,263670
Bergen County NJ,34003,932202
Burlington County NJ,34005,445349
Camden County NJ,34007,506471
Cape May County NJ,34009,92039
Cumberland County NJ,34011,149527
Essex County NJ,34013,798975
Gloucester County NJ,34015,291636
Hudson County NJ,34017,672391
Hunterdon County NJ,34019,124371
Mercer County NJ,34021,367430
Middlesex County NJ,34023,825062
Monmouth County NJ,34025,618795
Morris County NJ,34027,491845
Ocean County NJ,34029,607186
Passaic County NJ,34031,501826
Salem County NJ,34033,62385
Somerset County NJ,34035,328934
Sussex County NJ,34037,140488
Union County NJ,34039,556341
Warren County NJ,34041,105267
Bernalillo County NM,35001,679121
Catron County NM,35003,3527
Chaves County NM,35005,64615
Cibola County NM,35006,26675
Colfax County NM,35007,11941
Curry County NM,35009,48954
De Baca County NM,35011,1748
Doa Ana County NM,35013,218195
Eddy County NM,35015,58460
Grant County NM,35017,26998
Guadalupe County NM,35019,4300
Harding County NM,35021,625
Hidalgo County NM,35023,4198
Lea County NM,35025,71070
Lincoln County NM,35027,19572
Los Alamos County NM,35028,19369
Luna County NM,35029,23709
McKinley County NM,35031,71367
Mora County NM,35033,4521
Otero County NM,35035,67490
Quay County NM,35037,8253
Rio Arriba County NM,35039,38921
Roosevelt County NM,35041,18500
Sandoval County NM,35043,146748
San Juan County NM,35045,123958
San Miguel County NM,35047,27277
Santa Fe County NM,35049,150358
Sierra County NM,35051,10791
Socorro County NM,35053,16637
Taos County NM,35055,32723
Torrance County NM,35057,15461
Union County NM,35059,4059
Valencia County NM,35061,76688
Albany County NY,36001,305506
Allegany County NY,36003,46091
Bronx County NY,36005,1418207
Broome County NY,36007,190488
Cattaraugus County NY,36009,76117
Cayuga County NY,36011,76576
Chautauqua County NY,36013,126903
Chemung County NY,36015,83456
Chenango County NY,36017,47207
Clinton County NY,36019,80485
Columbia County NY,36021,59461
Cortland County NY,36023,47581
Delaware County NY,36025,44135
Dutchess County NY,36027,294218
Erie County NY,36029,918702
Essex County NY,36031,36885
Franklin County NY,36033,50022
Fulton County NY,36035,53383
Genesee County NY,36037,57280
Greene County NY,36039,47188
Hamilton County NY,36041,4416
Herkimer County NY,36043,61319
Jefferson County NY,36045,109834
Kings County NY,36047,2559903
Lewis County NY,36049,26296
Livingston County NY,36051,62914
Madison County NY,36053,70941
Monroe County NY,36055,741770
Montgomery County NY,36057,49221
Nassau County NY,36059,1356924
New York County NY,36061,1628706
Niagara County NY,36063,209281
Oneida County NY,36065,228671
Onondaga County NY,36067,460528
Ontario County NY,36069,109777
Orange County NY,36071,384940
Orleans County NY,36073,40352
Oswego County NY,36075,117124
Otsego County NY,36077,59493
Putnam County NY,36079,98320
Queens County NY,36081,2253858
Rensselaer County NY,36083,158714
Richmond County NY,36085,476143
Rockland County NY,36087,325789
St. Lawrence County NY,36089,107740
Saratoga County NY,36091,229863
Schenectady County NY,36093,155299
Schoharie County NY,36095,30999
Schuyler County NY,36097,17807
Seneca County NY,36099,34016
Steuben County NY,36101,95379
Suffolk County NY,36103,1476601
Sullivan County NY,36105,75432
Tioga County NY,36107,48203
Tompkins County NY,36109,102180
Ulster County NY,36111,177573
Warren County NY,36113,63944
Washington County NY,36115,61204
Wayne County NY,36117,89918
Westchester County NY,36119,967506
Wyoming County NY,36121,39859
Yates County NY,36123,24913
Alamance County NC,37001,169509
Alexander County NC,37003,37497
Alleghany County NC,37005,11137
Anson County NC,37007,24446
Ashe County NC,37009,27203
Avery County NC,37011,17557
Beaufort County NC,37013,46994
Bertie County NC,37015,18947
Bladen County NC,37017,32722
Brunswick County NC,37019,142820
Buncombe County NC,37021,261191
Burke County NC,37023,90485
Cabarrus County NC,37025,216453
Caldwell County NC,37027,82178
Camden County NC,37029,10867
Carteret County NC,37031,69473
Caswell County NC,37033,22604
Catawba County NC,37035,159551
Chatham County NC,37037,74470
Cherokee County NC,37039,28612
Chowan County NC,37041,13943
Clay County NC,37043,11231
Cleveland County NC,37045,97947
Columbus County NC,37047,55508
Craven County NC,37049,102139
Cumberland County NC,37051,335509
Currituck County NC,37053,27763
Dare County NC,37055,37009
Davidson County NC,37057,167609
Davie County NC,37059,42846
Duplin County NC,37061,58741
Durham County NC,37063,321488
Edgecombe County NC,37065,51472
Forsyth County NC,37067,382295
Franklin County NC,37069,69685
Gaston County NC,37071,224529
Gates County NC,37073,11562
Graham County NC,37075,8441
Granville County NC,37077,60443
Greene County NC,37079,21069
Guilford County NC,37081,537174
Halifax County NC,37083,50010
Harnett County NC,37085,135976
Haywood County NC,37087,62317
Henderson County NC,37089,117417
Hertford County NC,37091,23677
Hoke County NC,37093,55234
Hyde County NC,37095,4937
Iredell County NC,37097,181806
Jackson County NC,37099,43938
Johnston County NC,37101,209339
Jones County NC,37103,9419
Lee County NC,37105,61779
Lenoir County NC,37107,55949
Lincoln County NC,37109,86111
McDowell County NC,37111,45756
Macon County NC,37113,35858
Madison County NC,37115,21755
Martin County NC,37117,22440
Mecklenburg County NC,37119,1110356
Mitchell County NC,37121,14964
Montgomery County NC,37123,27173
Moore County NC,37125,100880
Nash County NC,37127,94298
New Hanover County NC,37129,234473
Northampton County NC,37131,19483
Onslow County NC,37133,197938
Orange County NC,37135,148476
Pamlico County NC,37137,12726
Pasquotank County NC,37139,39824
Pender County NC,37141,63060
Perquimans County NC,37143,13463
Person County NC,37145,39490
Pitt County NC,37147,180742
Polk County NC,37149,20724
Randolph County NC,37151,143667
Richmond County NC,37153,44829
Robeson County NC,37155,130625
Rockingham County NC,37157,91010
Rowan County NC,37159,142088
Rutherford County NC,37161,67029
Sampson County NC,37163,63531
Scotland County NC,37165,34823
Stanly County NC,37167,62806
Stokes County NC,37169,45591
Surry County NC,37171,71783
Swain County NC,37173,14271
Transylvania County NC,37175,34385
Tyrrell County NC,37177,4016
Union County NC,37179,239859
Vance County NC,37181,44535
Wake County NC,37183,1111761
Warren County NC,37185,19731
Washington County NC,37187,11580
Watauga County NC,37189,56177
Wayne County NC,37191,123131
Wilkes County NC,37193,68412
Wilson County NC,37195,81801
Yadkin County NC,37197,37667
Yancey County NC,37199,18069
Adams County ND,38001,2216
Barnes County ND,38003,10415
Benson County ND,38005,6832
Billings County ND,38007,928
Bottineau County ND,38009,6282
Bowman County ND,38011,3024
Burke County ND,38013,2115
Burleigh County ND,38015,95626
Cass County ND,38017,181923
Cavalier County ND,38019,3762
Dickey County ND,38021,4872
Divide County ND,38023,2264
Dunn County ND,38025,4424
Eddy County ND,38027,2287
Emmons County ND,38029,3241
Foster County ND,38031,3210
Golden Valley County ND,38033,1761
Grand Forks County ND,38035,69451
Grant County ND,38037,2274
Griggs County ND,38039,2231
Hettinger County ND,38041,2499
Kidder County ND,38043,2480
LaMoure County ND,38045,4046
Logan County ND,38047,1850
McHenry County ND,38049,5745
McIntosh County ND,38051,2497
McKenzie County ND,38053,15024
McLean County ND,38055,9450
Mercer County ND,38057,8187
Morton County ND,38059,31364
Mountrail County ND,38061,10545
Nelson County ND,38063,2879
Oliver County ND,38065,1959
Pembina County ND,38067,6801
Pierce County ND,38069,3975
Ramsey County ND,38071,11519
Ransom County ND,38073,5218
Renville County ND,38075,2327
Richland County ND,38077,16177
Rolette County ND,38079,14176
Sargent County ND,38081,3898
Sheridan County ND,38083,1315
Sioux County ND,38085,4230
Slope County ND,38087,750
Stark County ND,38089,31489
Steele County ND,38091,1890
Stutsman County ND,38093,20704
Towner County ND,38095,2189
Traill County ND,38097,8036
Walsh County ND,38099,10641
Ward County ND,38101,67641
Wells County ND,38103,3834
Williams County ND,38105,37589
Adams County OH,39001,27698
Allen County OH,39003,102351
Ashland County OH,39005,53484
Ashtabula County OH,39007,97241
Athens County OH,39009,65327
Auglaize County OH,39011,45656
Belmont County OH,39013,67006
Brown County OH,39015,43432
Butler County OH,39017,383134
Carroll County OH,39019,26914
Champaign County OH,39021,38885
Clark County OH,39023,134083
Clermont County OH,39025,206428
Clinton County OH,39027,41968
Columbiana County OH,39029,101883
Coshocton County OH,39031,36600
Crawford County OH,39033,41494
Cuyahoga County OH,39035,1235072
Darke County OH,39037,51113
Defiance County OH,39039,38087
Delaware County OH,39041,209177
Erie County OH,39043,74266
Fairfield County OH,39045,157574
Fayette County OH,39047,28525
Franklin County OH,39049,1316756
Fulton County OH,39051,42126
Gallia County OH,39053,29898
Geauga County OH,39055,93649
Greene County OH,39057,168937
Guernsey County OH,39059,38875
Hamilton County OH,39061,817473
Hancock County OH,39063,75783
Hardin County OH,39065,31365
Harrison County OH,39067,15040
Henry County OH,39069,27006
Highland County OH,39071,43161
Hocking County OH,39073,28264
Holmes County OH,39075,43960
Huron County OH,39077,58266
Jackson County OH,39079,32413
Jefferson County OH,39081,65325
Knox County OH,39083,62322
Lake County OH,39085,230149
Lawrence County OH,39087,59463
Licking County OH,39089,176862
Logan County OH,39091,45672
Lorain County OH,39093,309833
Lucas County OH,39095,428348
Madison County OH,39097,44731
Mahoning County OH,39099,228683
Marion County OH,39101,65093
Medina County OH,39103,179746
Meigs County OH,39105,22907
Mercer County OH,39107,41172
Miami County OH,39109,106987
Monroe County OH,39111,13654
Montgomery County OH,39113,531687
Morgan County OH,39115,14508
Morrow County OH,39117,35328
Muskingum County OH,39119,86215
Noble County OH,39121,14424
Ottawa County OH,39123,40525
Paulding County OH,39125,18672
Perry County OH,39127,36134
Pickaway County OH,39129,58457
Pike County OH,39131,27772
Portage County OH,39133,162466
Preble County OH,39135,40882
Putnam County OH,39137,33861
Richland County OH,39139,121154
Ross County OH,39141,76666
Sandusky County OH,39143,58518
Scioto County OH,39145,75314
Seneca County OH,39147,55178
Shelby County OH,39149,48590
Stark County OH,39151,370606
Summit County OH,39153,541013
Trumbull County OH,39155,197974
Tuscarawas County OH,39157,91987
Union County OH,39159,58988
Van Wert County OH,39161,28275
Vinton County OH,39163,13085
Warren County OH,39165,234602
Washington County OH,39167,59911
Wayne County OH,39169,115710
Williams County OH,39171,36692
Wood County OH,39173,130817
Wyandot County OH,39175,21772
Adair County OK,40001,22194
Alfalfa County OK,40003,5702
Atoka County OK,40005,13758
Beaver County OK,40007,5311
Beckham County OK,40009,21859
Blaine County OK,40011,9429
Bryan County OK,40013,47995
Caddo County OK,40015,28762
Canadian County OK,40017,148306
Carter County OK,40019,48111
Cherokee County OK,40021,48657
Choctaw County OK,40023,14672
Cimarron County OK,40025,2137
Cleveland County OK,40027,284014
Coal County OK,40029,5495
Comanche County OK,40031,120749
Cotton County OK,40033,5666
Craig County OK,40035,14142
Creek County OK,40037,71522
Custer County OK,40039,29003
Delaware County OK,40041,43009
Dewey County OK,40043,4891
Ellis County OK,40045,3859
Garfield County OK,40047,61056
Garvin County OK,40049,27711
Grady County OK,40051,55834
Grant County OK,40053,4333
Greer County OK,40055,5712
Harmon County OK,40057,2653
Harper County OK,40059,3688
Haskell County OK,40061,12627
Hughes County OK,40063,13279
Jackson County OK,40065,24530
Jefferson County OK,40067,6002
Johnston County OK,40069,11085
Kay County OK,40071,43538
Kingfisher County OK,40073,15765
Kiowa County OK,40075,8708
Latimer County OK,40077,10073
Le Flore County OK,40079,49853
Lincoln County OK,40081,34877
Logan County OK,40083,48011
Love County OK,40085,10253
McClain County OK,40087,40474
McCurtain County OK,40089,32832
McIntosh County OK,40091,19596
Major County OK,40093,7629
Marshall County OK,40095,16931
Mayes County OK,40097,41100
Murray County OK,40099,14073
Muskogee County OK,40101,67997
Noble County OK,40103,11131
Nowata County OK,40105,10076
Okfuskee County OK,40107,11993
Oklahoma County OK,40109,797434
Okmulgee County OK,40111,38465
Osage County OK,40113,46963
Ottawa County OK,40115,31127
Pawnee County OK,40117,16376
Payne County OK,40119,81784
Pittsburg County OK,40121,43654
Pontotoc County OK,40123,38284
Pottawatomie County OK,40125,72592
Pushmataha County OK,40127,11096
Roger Mills County OK,40129,3583
Rogers County OK,40131,92459
Seminole County OK,40133,24258
Sequoyah County OK,40135,41569
Stephens County OK,40137,43143
Texas County OK,40139,19983
Tillman County OK,40141,7250
Tulsa County OK,40143,651552
Wagoner County OK,40145,81289
Washington County OK,40147,51527
Washita County OK,40149,10916
Woods County OK,40151,8793
Woodward County OK,40153,20211
Baker County OR,41001,16124
Benton County OR,41003,93053
Clackamas County OR,41005,418187
Clatsop County OR,41007,40224
Columbia County OR,41009,52354
Coos County OR,41011,64487
Crook County OR,41013,24404
Curry County OR,41015,22925
Deschutes County OR,41017,197692
Douglas County OR,41019,110980
Gilliam County OR,41021,1912
Grant County OR,41023,7199
Harney County OR,41025,7393
Hood River County OR,41027,23382
Jackson County OR,41029,220944
Jefferson County OR,41031,24658
Josephine County OR,41033,87487
Klamath County OR,41035,68238
Lake County OR,41037,7869
Lane County OR,41039,382067
Lincoln County OR,41041,49962
Linn County OR,41043,129749
Malheur County OR,41045,30571
Marion County OR,41047,347818
Morrow County OR,41049,11603
Multnomah County OR,41051,812855
Polk County OR,41053,86085
Sherman County OR,41055,1780
Tillamook County OR,41057,27036
Umatilla County OR,41059,77950
Union County OR,41061,26835
Wallowa County OR,41063,7208
Wasco County OR,41065,26682
Washington County OR,41067,601592
Wheeler County OR,41069,1332
Yamhill County OR,41071,107100
Adams County PA,42001,103009
Allegheny County PA,42003,1216045
Armstrong County PA,42005,64735
Beaver County PA,42007,163929
Bedford County PA,42009,47888
Berks County PA,42011,421164
Blair County PA,42013,121829
Bradford County PA,42015,60323
Bucks County PA,42017,628270
Butler County PA,42019,187853
Cambria County PA,42021,130192
Cameron County PA,42023,4447
Carbon County PA,42025,64182
Centre County PA,42027,162385
Chester County PA,42029,524989
Clarion County PA,42031,38438
Clearfield County PA,42033,79255
Clinton County PA,42035,38632
Columbia County PA,42037,64964
Crawford County PA,42039,84629
Cumberland County PA,42041,253370
Dauphin County PA,42043,278299
Delaware County PA,42045,566747
Elk County PA,42047,29910
Erie County PA,42049,269728
Fayette County PA,42051,129274
Forest County PA,42053,7247
Franklin County PA,42055,155027
Fulton County PA,42057,14530
Greene County PA,42059,36233
Huntingdon County PA,42061,45144
Indiana County PA,42063,84073
Jefferson County PA,42065,43425
Juniata County PA,42067,24763
Lackawanna County PA,42069,209674
Lancaster County PA,42071,545724
Lawrence County PA,42073,85512
Lebanon County PA,42075,141793
Lehigh County PA,42077,369318
Luzerne County PA,42079,317417
Lycoming County PA,42081,113299
McKean County PA,42083,40625
Mercer County PA,42085,109424
Mifflin County PA,42087,46138
Monroe County PA,42089,170271
Montgomery County PA,42091,830915
Montour County PA,42093,18230
Northampton County PA,42095,305285
Northumberland County PA,42097,90843
Perry County PA,42099,46272
Philadelphia County PA,42101,1584064
Pike County PA,42103,55809
Potter County PA,42105,16526
Schuylkill County PA,42107,141359
Snyder County PA,42109,40372
Somerset County PA,42111,73447
Sullivan County PA,42113,6066
Susquehanna County PA,42115,40328
Tioga County PA,42117,40591
Union County PA,42119,44923
Venango County PA,42121,50668
Warren County PA,42123,39191
Washington County PA,42125,206865
Wayne County PA,42127,51361
Westmoreland County PA,42129,348899
Wyoming County PA,42131,26794
York County PA,42133,449058
Bristol County RI,44001,48479
Kent County RI,44003,164292
Newport County RI,44005,82082
Providence County RI,44007,638931
Washington County RI,44009,125577
Abbeville County SC,45001,24527
Aiken County SC,45003,170872
Allendale County SC,45005,8688
Anderson County SC,45007,202558
Bamberg County SC,45009,14066
Barnwell County SC,45011,20866
Beaufort County SC,45013,192122
Berkeley County SC,45015,227907
Calhoun County SC,45017,14553
Charleston County SC,45019,411406
Cherokee County SC,45021,57300
Chester County SC,45023,32244
Chesterfield County SC,45025,45650
Clarendon County SC,45027,33745
Colleton County SC,45029,37677
Darlington County SC,45031,66618
Dillon County SC,45033,30479
Dorchester County SC,45035,162809
Edgefield County SC,45037,27260
Fairfield County SC,45039,22347
Florence County SC,45041,138293
Georgetown County SC,45043,62680
Greenville County SC,45045,523542
Greenwood County SC,45047,70811
Hampton County SC,45049,19222
Horry County SC,45051,354081
Jasper County SC,45053,30073
Kershaw County SC,45055,66551
Lancaster County SC,45057,98012
Laurens County SC,45059,67493
Lee County SC,45061,16828
Lexington County SC,45063,298750
McCormick County SC,45065,9463
Marion County SC,45067,30657
Marlboro County SC,45069,26118
Newberry County SC,45071,38440
Oconee County SC,45073,79546
Orangeburg County SC,45075,86175
Pickens County SC,45077,126884
Richland County SC,45079,415759
Saluda County SC,45081,20473
Spartanburg County SC,45083,319785
Sumter County SC,45085,106721
Union County SC,45087,27316
Williamsburg County SC,45089,30368
York County SC,45091,280979
Aurora County SD,46003,2751
Beadle County SD,46005,18453
Bennett County SD,46007,3365
Bon Homme County SD,46009,6901
Brookings County SD,46011,35077
Brown County SD,46013,38839
Brule County SD,46015,5297
Buffalo County SD,46017,1962
Butte County SD,46019,10429
Campbell County SD,46021,1376
Charles Mix County SD,46023,9292
Clark County SD,46025,3736
Clay County SD,46027,14070
Codington County SD,46029,28009
Corson County SD,46031,4086
Custer County SD,46033,8972
Davison County SD,46035,19775
Day County SD,46037,5424
Deuel County SD,46039,4351
Dewey County SD,46041,5892
Douglas County SD,46043,2921
Edmunds County SD,46045,3829
Fall River County SD,46047,6713
Faulk County SD,46049,2299
Grant County SD,46051,7052
Gregory County SD,46053,4185
Haakon County SD,46055,1899
Hamlin County SD,46057,6164
Hand County SD,46059,3191
Hanson County SD,46061,3453
Harding County SD,46063,1298
Hughes County SD,46065,17526
Hutchinson County SD,46067,7291
Hyde County SD,46069,1301
Jackson County SD,46071,3344
Jerauld County SD,46073,2013
Jones County SD,46075,903
Kingsbury County SD,46077,4939
Lake County SD,46079,12797
Lawrence County SD,46081,25844
Lincoln County SD,46083,61128
Lyman County SD,46085,3781
McCook County SD,46087,5586
McPherson County SD,46089,2379
Marshall County SD,46091,4935
Meade County SD,46093,28332
Mellette County SD,46095,2061
Miner County SD,46097,2216
Minnehaha County SD,46099,193134
Moody County SD,46101,6576
Oglala Lakota County SD,46102,14177
Pennington County SD,46103,113775
Perkins County SD,46105,2865
Potter County SD,46107,2153
Roberts County SD,46109,10394
Sanborn County SD,46111,2344
Spink County SD,46115,6376
Stanley County SD,46117,3098
Sully County SD,46119,1391
Todd County SD,46121,10177
Tripp County SD,46123,5441
Turner County SD,46125,8384
Union County SD,46127,15932
Walworth County SD,46129,5435
Yankton County SD,46135,22814
Ziebach County SD,46137,2756
Anderson County TN,47001,76978
Bedford County TN,47003,49713
Benton County TN,47005,16160
Bledsoe County TN,47007,15064
Blount County TN,47009,133088
Bradley County TN,47011,108110
Campbell County TN,47013,39842
Cannon County TN,47015,14678
Carroll County TN,47017,27767
Carter County TN,47019,56391
Cheatham County TN,47021,40667
Chester County TN,47023,17297
Claiborne County TN,47025,31959
Clay County TN,47027,7615
Cocke County TN,47029,36004
Coffee County TN,47031,56520
Crockett County TN,47033,14230
Cumberland County TN,47035,60520
Davidson County TN,47037,694144
Decatur County TN,47039,11663
DeKalb County TN,47041,20490
Dickson County TN,47043,53948
Dyer County TN,47045,37159
Fayette County TN,47047,41133
Fentress County TN,47049,18523
Franklin County TN,47051,42208
Gibson County TN,47053,49133
Giles County TN,47055,29464
Grainger County TN,47057,23320
Greene County TN,47059,69069
Grundy County TN,47061,13427
Hamblen County TN,47063,64934
Hamilton County TN,47065,367804
Hancock County TN,47067,6620
Hardeman County TN,47069,25050
Hardin County TN,47071,25652
Hawkins County TN,47073,56786
Haywood County TN,47075,17304
Henderson County TN,47077,28117
Henry County TN,47079,32345
Hickman County TN,47081,25178
Houston County TN,47083,8201
Humphreys County TN,47085,18582
Jackson County TN,47087,11786
Jefferson County TN,47089,54495
Johnson County TN,47091,17788
Knox County TN,47093,470313
Lake County TN,47095,7016
Lauderdale County TN,47097,25633
Lawrence County TN,47099,44142
Lewis County TN,47101,12268
Lincoln County TN,47103,34366
Loudon County TN,47105,54068
McMinn County TN,47107,53794
McNairy County TN,47109,25694
Macon County TN,47111,24602
Madison County TN,47113,97984
Marion County TN,47115,28907
Marshall County TN,47117,34375
Maury County TN,47119,96387
Meigs County TN,47121,12422
Monroe County TN,47123,46545
Montgomery County TN,47125,208993
Moore County TN,47127,6488
Morgan County TN,47129,21403
Obion County TN,47131,30069
Overton County TN,47133,22241
Perry County TN,47135,8076
Pickett County TN,47137,5048
Polk County TN,47139,16832
Putnam County TN,47141,80245
Rhea County TN,47143,33167
Roane County TN,47145,53382
Robertson County TN,47147,71813
Rutherford County TN,47149,332285
Scott County TN,47151,22068
Sequatchie County TN,47153,15026
Sevier County TN,47155,98250
Shelby County TN,47157,937166
Smith County TN,47159,20157
Stewart County TN,47161,13715
Sullivan County TN,47163,158348
Sumner County TN,47165,191283
Tipton County TN,47167,61599
Trousdale County TN,47169,11284
Unicoi County TN,47171,17883
Union County TN,47173,19972
Van Buren County TN,47175,5872
Warren County TN,47177,41277
Washington County TN,47179,129375
Wayne County TN,47181,16673
Weakley County TN,47183,33328
White County TN,47185,27345
Williamson County TN,47187,238412
Wilson County TN,47189,144657
Anderson County TX,48001,57735
Andrews County TX,48003,18705
Angelina County TX,48005,86715
Aransas County TX,48007,23510
Archer County TX,48009,8553
Armstrong County TX,48011,1887
Atascosa County TX,48013,51153
Austin County TX,48015,30032
Bailey County TX,48017,7000
Bandera County TX,48019,23112
Bastrop County TX,48021,88723
Baylor County TX,48023,3509
Bee County TX,48025,32565
Bell County TX,48027,362924
Bexar County TX,48029,2003554
Blanco County TX,48031,11931
Borden County TX,48033,654
Bosque County TX,48035,18685
Bowie County TX,48037,93245
Brazoria County TX,48039,374264
Brazos County TX,48041,229211
Brewster County TX,48043,9203
Briscoe County TX,48045,1546
Brooks County TX,48047,7093
Brown County TX,48049,37864
Burleson County TX,48051,18443
Burnet County TX,48053,48155
Caldwell County TX,48055,43664
Calhoun County TX,48057,21290
Callahan County TX,48059,13943
Cameron County TX,48061,423163
Camp County TX,48063,13094
Carson County TX,48065,5926
Cass County TX,48067,30026
Castro County TX,48069,7530
Chambers County TX,48071,43837
Cherokee County TX,48073,52646
Childress County TX,48075,7306
Clay County TX,48077,10471
Cochran County TX,48079,2853
Coke County TX,48081,3387
Coleman County TX,48083,8175
Collin County TX,48085,1034730
Collingsworth County TX,48087,2920
Colorado County TX,48089,21493
Comal County TX,48091,156209
Comanche County TX,48093,13635
Concho County TX,48095,2726
Cooke County TX,48097,41257
Coryell County TX,48099,75951
Cottle County TX,48101,1398
Crane County TX,48103,4797
Crockett County TX,48105,3464
Crosby County TX,48107,5737
Culberson County TX,48109,2171
Dallam County TX,48111,7287
Dallas County TX,48113,2635516
Dawson County TX,48115,12728
Deaf Smith County TX,48117,18546
Delta County TX,48119,5331
Denton County TX,48121,887207
DeWitt County TX,48123,20160
Dickens County TX,48125,2211
Dimmit County TX,48127,10124
Donley County TX,48129,3278
Duval County TX,48131,11157
Eastland County TX,48133,18360
Ector County TX,48135,166223
Edwards County TX,48137,1932
Ellis County TX,48139,184826
El Paso County TX,48141,839238
Erath County TX,48143,42698
Falls County TX,48145,17297
Fannin County TX,48147,35514
Fayette County TX,48149,25346
Fisher County TX,48151,3830
Floyd County TX,48153,5712
Foard County TX,48155,1155
Fort Bend County TX,48157,811688
Franklin County TX,48159,10725
Freestone County TX,48161,19717
Frio County TX,48163,20306
Gaines County TX,48165,21492
Galveston County TX,48167,342139
Garza County TX,48169,6229
Gillespie County TX,48171,26988
Glasscock County TX,48173,1409
Goliad County TX,48175,7658
Gonzales County TX,48177,20837
Gray County TX,48179,21886
Grayson County TX,48181,136212
Gregg County TX,48183,123945
Grimes County TX,48185,28880
Guadalupe County TX,48187,166847
Hale County TX,48189,33406
Hall County TX,48191,2964
Hamilton County TX,48193,8461
Hansford County TX,48195,5399
Hardeman County TX,48197,3933
Hardin County TX,48199,57602
Harris County TX,48201,4713325
Harrison County TX,48203,66553
Hartley County TX,48205,5576
Haskell County TX,48207,5658
Hays County TX,48209,230191
Hemphill County TX,48211,3819
Henderson County TX,48213,82737
Hidalgo County TX,48215,868707
Hill County TX,48217,36649
Hockley County TX,48219,23021
Hood County TX,48221,61643
Hopkins County TX,48223,37084
Houston County TX,48225,22968
Howard County TX,48227,36664
Hudspeth County TX,48229,4886
Hunt County TX,48231,98594
Hutchinson County TX,48233,20938
Irion County TX,48235,1536
Jack County TX,48237,8935
Jackson County TX,48239,14760
Jasper County TX,48241,35529
Jeff Davis County TX,48243,2274
Jefferson County TX,48245,251565
Jim Hogg County TX,48247,5200
Jim Wells County TX,48249,40482
Johnson County TX,48251,175817
Jones County TX,48253,20083
Karnes County TX,48255,15601
Kaufman County TX,48257,136154
Kendall County TX,48259,47431
Kenedy County TX,48261,404
Kent County TX,48263,762
Kerr County TX,48265,52600
Kimble County TX,48267,4337
King County TX,48269,272
Kinney County TX,48271,3667
Kleberg County TX,48273,30680
Knox County TX,48275,3664
Lamar County TX,48277,49859
Lamb County TX,48279,12893
Lampasas County TX,48281,21428
La Salle County TX,48283,7520
Lavaca County TX,48285,20154
Lee County TX,48287,17239
Leon County TX,48289,17404
Liberty County TX,48291,88219
Limestone County TX,48293,23437
Lipscomb County TX,48295,3233
Live Oak County TX,48297,12207
Llano County TX,48299,21795
Loving County TX,48301,169
Lubbock County TX,48303,310569
Lynn County TX,48305,5951
McCulloch County TX,48307,7984
McLennan County TX,48309,256623
McMullen County TX,48311,743
Madison County TX,48313,14284
Marion County TX,48315,9854
Martin County TX,48317,5771
Mason County TX,48319,4274
Matagorda County TX,48321,36643
Maverick County TX,48323,58722
Medina County TX,48325,51584
Menard County TX,48327,2138
Midland County TX,48329,176832
Milam County TX,48331,24823
Mills County TX,48333,4873
Mitchell County TX,48335,8545
Montague County TX,48337,19818
Montgomery County TX,48339,607391
Moore County TX,48341,20940
Morris County TX,48343,12388
Motley County TX,48345,1200
Nacogdoches County TX,48347,65204
Navarro County TX,48349,50113
Newton County TX,48351,13595
Nolan County TX,48353,14714
Nueces County TX,48355,362294
Ochiltree County TX,48357,9836
Oldham County TX,48359,2112
Orange County TX,48361,83396
Palo Pinto County TX,48363,29189
Panola County TX,48365,23194
Parker County TX,48367,142878
Parmer County TX,48369,9605
Pecos County TX,48371,15823
Polk County TX,48373,51353
Potter County TX,48375,117415
Presidio County TX,48377,6704
Rains County TX,48379,12514
Randall County TX,48381,137713
Reagan County TX,48383,3849
Real County TX,48385,3452
Red River County TX,48387,12023
Reeves County TX,48389,15976
Refugio County TX,48391,6948
Roberts County TX,48393,854
Robertson County TX,48395,17074
Rockwall County TX,48397,104915
Runnels County TX,48399,10264
Rusk County TX,48401,54406
Sabine County TX,48403,10542
San Augustine County TX,48405,8237
San Jacinto County TX,48407,28859
San Patricio County TX,48409,66730
San Saba County TX,48411,6055
Schleicher County TX,48413,2793
Scurry County TX,48415,16703
Shackelford County TX,48417,3265
Shelby County TX,48419,25274
Sherman County TX,48421,3022
Smith County TX,48423,232751
Somervell County TX,48425,9128
Starr County TX,48427,64633
Stephens County TX,48429,9366
Sterling County TX,48431,1291
Stonewall County TX,48433,1350
Sutton County TX,48435,3776
Swisher County TX,48437,7397
Tarrant County TX,48439,2102515
Taylor County TX,48441,138034
Terrell County TX,48443,776
Terry County TX,48445,12337
Throckmorton County TX,48447,1501
Titus County TX,48449,32750
Tom Green County TX,48451,119200
Travis County TX,48453,1273954
Trinity County TX,48455,14651
Tyler County TX,48457,21672
Upshur County TX,48459,41753
Upton County TX,48461,3657
Uvalde County TX,48463,26741
Val Verde County TX,48465,49025
Van Zandt County TX,48467,56590
Victoria County TX,48469,92084
Walker County TX,48471,72971
Waller County TX,48473,55246
Ward County TX,48475,11998
Washington County TX,48477,35882
Webb County TX,48479,276652
Wharton County TX,48481,41556
Wheeler County TX,48483,5056
Wichita County TX,48485,132230
Wilbarger County TX,48487,12769
Willacy County TX,48489,21358
Williamson County TX,48491,590551
Wilson County TX,48493,51070
Winkler County TX,48495,8010
Wise County TX,48497,69984
Wood County TX,48499,45539
Yoakum County TX,48501,8713
Young County TX,48503,18010
Zapata County TX,48505,14179
Zavala County TX,48507,11840
Beaver County UT,49001,6710
Box Elder County UT,49003,56046
Cache County UT,49005,128289
Carbon County UT,49007,20463
Daggett County UT,49009,950
Davis County UT,49011,355481
Duchesne County UT,49013,19938
Emery County UT,49015,10012
Garfield County UT,49017,5051
Grand County UT,49019,9754
Iron County UT,49021,54839
Juab County UT,49023,12017
Kane County UT,49025,7886
Millard County UT,49027,13188
Morgan County UT,49029,12124
Piute County UT,49031,1479
Rich County UT,49033,2483
Salt Lake County UT,49035,1160437
San Juan County UT,49037,15308
Sanpete County UT,49039,30939
Sevier County UT,49041,21620
Summit County UT,49043,42145
Tooele County UT,49045,72259
Uintah County UT,49047,35734
Utah County UT,49049,636235
Wasatch County UT,49051,34091
Washington County UT,49053,177556
Wayne County UT,49055,2711
Weber County UT,49057,260213
Addison County VT,50001,36777
Bennington County VT,50003,35470
Caledonia County VT,50005,29993
Chittenden County VT,50007,163774
Essex County VT,50009,6163
Franklin County VT,50011,49402
Grand Isle County VT,50013,7235
Lamoille County VT,50015,25362
Orange County VT,50017,28892
Orleans County VT,50019,27037
Rutland County VT,50021,58191
Washington County VT,50023,58409
Windham County VT,50025,42222
Windsor County VT,50027,55062
Accomack County VA,51001,32316
Albemarle County VA,51003,109330
Alleghany County VA,51005,14860
Amelia County VA,51007,13145
Amherst County VA,51009,31605
Appomattox County VA,51011,15911
Arlington County VA,51013,236842
Augusta County VA,51015,75558
Bath County VA,51017,4147
Bedford County VA,51019,78997
Bland County VA,51021,6280
Botetourt County VA,51023,33419
Brunswick County VA,51025,16231
Buchanan County VA,51027,21004
Buckingham County VA,51029,17148
Campbell County VA,51031,54885
Caroline County VA,51033,30725
Carroll County VA,51035,29791
Charles City County VA,51036,6963
Charlotte County VA,51037,11880
Chesterfield County VA,51041,352802
Clarke County VA,51043,14619
Craig County VA,51045,5131
Culpeper County VA,51047,52605
Cumberland County VA,51049,9932
Dickenson County VA,51051,14318
Dinwiddie County VA,51053,28544
Essex County VA,51057,10953
Fairfax County VA,51059,1147532
Fauquier County VA,51061,71222
Floyd County VA,51063,15749
Fluvanna County VA,51065,27270
Franklin County VA,51067,56042
Frederick County VA,51069,89313
Giles County VA,51071,16720
Gloucester County VA,51073,37348
Goochland County VA,51075,23753
Grayson County VA,51077,15550
Greene County VA,51079,19819
Greensville County VA,51081,11336
Halifax County VA,51083,33911
Hanover County VA,51085,107766
Henrico County VA,51087,330818
Henry County VA,51089,50557
Highland County VA,51091,2190
Isle of Wight County VA,51093,37109
James City County VA,51095,76523
King and Queen County VA,51097,7025
King George County VA,51099,26836
King William County VA,51101,17148
Lancaster County VA,51103,10603
Lee County VA,51105,23423
Loudoun County VA,51107,413538
Louisa County VA,51109,37591
Lunenburg County VA,51111,12196
Madison County VA,51113,13261
Mathews County VA,51115,8834
Mecklenburg County VA,51117,30587
Middlesex County VA,51119,10582
Montgomery County VA,51121,98535
Nelson County VA,51125,14930
New Kent County VA,51127,23091
Northampton County VA,51131,11710
Northumberland County VA,51133,12095
Nottoway County VA,51135,15232
Orange County VA,51137,37051
Page County VA,51139,23902
Patrick County VA,51141,17608
Pittsylvania County VA,51143,60354
Powhatan County VA,51145,29652
Prince Edward County VA,51147,22802
Prince George County VA,51149,38353
Prince William County VA,51153,470335
Pulaski County VA,51155,34027
Rappahannock County VA,51157,7370
Richmond County VA,51159,9023
Roanoke County VA,51161,94186
Rockbridge County VA,51163,22573
Rockingham County VA,51165,81948
Russell County VA,51167,26586
Scott County VA,51169,21566
Shenandoah County VA,51171,43616
Smyth County VA,51173,30104
Southampton County VA,51175,17631
Spotsylvania County VA,51177,136215
Stafford County VA,51179,152882
Surry County VA,51181,6422
Sussex County VA,51183,11159
Tazewell County VA,51185,40595
Warren County VA,51187,40164
Washington County VA,51191,53740
Westmoreland County VA,51193,18015
Wise County VA,51195,37383
Wythe County VA,51197,28684
York County VA,51199,68280
Alexandria city VA,51510,159428
Bristol city VA,51520,16762
Buena Vista city VA,51530,6478
Charlottesville city VA,51540,47266
Chesapeake city VA,51550,244835
Colonial Heights city VA,51570,17370
Covington city VA,51580,5538
Danville city VA,51590,40044
Emporia city VA,51595,5346
Fairfax city VA,51600,24019
Falls Church city VA,51610,14617
Franklin city VA,51620,7967
Fredericksburg city VA,51630,29036
Galax city VA,51640,6347
Hampton city VA,51650,134510
Harrisonburg city VA,51660,53016
Hopewell city VA,51670,22529
Lexington city VA,51678,7446
Lynchburg city VA,51680,82168
Manassas city VA,51683,41085
Manassas Park city VA,51685,17478
Martinsville city VA,51690,12554
Newport News city VA,51700,179225
Norfolk city VA,51710,242742
Norton city VA,51720,3981
Petersburg city VA,51730,31346
Poquoson city VA,51735,12271
Portsmouth city VA,51740,94398
Radford city VA,51750,18249
Richmond city VA,51760,230436
Roanoke city VA,51770,99143
Salem city VA,51775,25301
Staunton city VA,51790,24932
Suffolk city VA,51800,92108
Virginia Beach city VA,51810,449974
Waynesboro city VA,51820,22630
Williamsburg city VA,51830,14954
Winchester city VA,51840,28078
Adams County WA,53001,19983
Asotin County WA,53003,22582
Benton County WA,53005,204390
Chelan County WA,53007,77200
Clallam County WA,53009,77331
Clark County WA,53011,488241
Columbia County WA,53013,3985
Cowlitz County WA,53015,110593
Douglas County WA,53017,43429
Ferry County WA,53019,7627
Franklin County WA,53021,95222
Garfield County WA,53023,2225
Grant County WA,53025,97733
Grays Harbor County WA,53027,75061
Island County WA,53029,85141
Jefferson County WA,53031,32221
King County WA,53033,2252782
Kitsap County WA,53035,271473
Kittitas County WA,53037,47935
Klickitat County WA,53039,22425
Lewis County WA,53041,80707
Lincoln County WA,53043,10939
Mason County WA,53045,66768
Okanogan County WA,53047,42243
Pacific County WA,53049,22471
Pend Oreille County WA,53051,13724
Pierce County WA,53053,904980
San Juan County WA,53055,17582
Skagit County WA,53057,129205
Skamania County WA,53059,12083
Snohomish County WA,53061,822083
Spokane County WA,53063,522798
Stevens County WA,53065,45723
Thurston County WA,53067,290536
Wahkiakum County WA,53069,4488
Walla Walla County WA,53071,60760
Whatcom County WA,53073,229247
Whitman County WA,53075,50104
Yakima County WA,53077,250873
Barbour County WV,54001,16441
Berkeley County WV,54003,119171
Boone County WV,54005,21457
Braxton County WV,54007,13957
Brooke County WV,54009,21939
Cabell County WV,54011,91945
Calhoun County WV,54013,7109
Clay County WV,54015,8508
Doddridge County WV,54017,8448
Fayette County WV,54019,42406
Gilmer County WV,54021,7823
Grant County WV,54023,11568
Greenbrier County WV,54025,34662
Hampshire County WV,54027,23175
Hancock County WV,54029,28810
Hardy County WV,54031,13776
Harrison County WV,54033,67256
Jackson County WV,54035,28576
Jefferson County WV,54037,57146
Kanawha County WV,54039,178124
Lewis County WV,54041,15907
Lincoln County WV,54043,20409
Logan County WV,54045,32019
McDowell County WV,54047,17624
Marion County WV,54049,56072
Marshall County WV,54051,30531
Mason County WV,54053,26516
Mercer County WV,54055,58758
Mineral County WV,54057,26868
Mingo County WV,54059,23424
Monongalia County WV,54061,105612
Monroe County WV,54063,13275
Morgan County WV,54065,17884
Nicholas County WV,54067,24496
Ohio County WV,54069,41411
Pendleton County WV,54071,6969
Pleasants County WV,54073,7460
Pocahontas County WV,54075,8247
Preston County WV,54077,33432
Putnam County WV,54079,56450
Raleigh County WV,54081,73361
Randolph County WV,54083,28695
Ritchie County WV,54085,9554
Roane County WV,54087,13688
Summers County WV,54089,12573
Taylor County WV,54091,16695
Tucker County WV,54093,6839
Tyler County WV,54095,8591
Upshur County WV,54097,24176
Wayne County WV,54099,39402
Webster County WV,54101,8114
Wetzel County WV,54103,15065
Wirt County WV,54105,5821
Wood County WV,54107,83518
Wyoming County WV,54109,20394
Adams County WI,55001,20220
Ashland County WI,55003,15562
Barron County WI,55005,45244
Bayfield County WI,55007,15036
Brown County WI,55009,264542
Buffalo County WI,55011,13031
Burnett County WI,55013,15414
Calumet County WI,55015,50089
Chippewa County WI,55017,64658
Clark County WI,55019,34774
Columbia County WI,55021,57532
Crawford County WI,55023,16131
Dane County WI,55025,546695
Dodge County WI,55027,87839
Door County WI,55029,27668
Douglas County WI,55031,43150
Dunn County WI,55033,45368
Eau Claire County WI,55035,104646
Florence County WI,55037,4295
Fond du Lac County WI,55039,103403
Forest County WI,55041,9004
Grant County WI,55043,51439
Green County WI,55045,36960
Green Lake County WI,55047,18913
Iowa County WI,55049,23678
Iron County WI,55051,5687
Jackson County WI,55053,20643
Jefferson County WI,55055,84769
Juneau County WI,55057,26687
Kenosha County WI,55059,169561
Kewaunee County WI,55061,20434
La Crosse County WI,55063,118016
Lafayette County WI,55065,16665
Langlade County WI,55067,19189
Lincoln County WI,55069,27593
Manitowoc County WI,55071,78981
Marathon County WI,55073,135692
Marinette County WI,55075,40350
Marquette County WI,55077,15574
Menominee County WI,55078,4556
Milwaukee County WI,55079,945726
Monroe County WI,55081,46253
Oconto County WI,55083,37930
Oneida County WI,55085,35595
Outagamie County WI,55087,187885
Ozaukee County WI,55089,89221
Pepin County WI,55091,7287
Pierce County WI,55093,42754
Polk County WI,55095,43783
Portage County WI,55097,70772
Price County WI,55099,13351
Racine County WI,55101,196311
Richland County WI,55103,17252
Rock County WI,55105,163354
Rusk County WI,55107,14178
St. Croix County WI,55109,90687
Sauk County WI,55111,64442
Sawyer County WI,55113,16558
Shawano County WI,55115,40899
Sheboygan County WI,55117,115340
Taylor County WI,55119,20343
Trempealeau County WI,55121,29649
Vernon County WI,55123,30822
Vilas County WI,55125,22195
Walworth County WI,55127,103868
Washburn County WI,55129,15720
Washington County WI,55131,136034
Waukesha County WI,55133,404198
Waupaca County WI,55135,50990
Waushara County WI,55137,24443
Winnebago County WI,55139,171907
Wood County WI,55141,72999
Albany County WY,56001,38880
Big Horn County WY,56003,11790
Campbell County WY,56005,46341
Carbon County WY,56007,14800
Converse County WY,56009,13822
Crook County WY,56011,7584
Fremont County WY,56013,39261
Goshen County WY,56015,13211
Hot Springs County WY,56017,4413
Johnson County WY,56019,8445
Laramie County WY,56021,99500
Lincoln County WY,56023,19830
Natrona County WY,56025,79858
Niobrara County WY,56027,2356
Park County WY,56029,29194
Platte County WY,56031,8393
Sheridan County WY,56033,30485
Sublette County WY,56035,9831
Sweetwater County WY,56037,42343
Teton County WY,56039,23464
Uinta County WY,56041,20226
Washakie County WY,56043,7805
Weston County WY,56045,6927
